{"level":"info","message":"Using SQLite database at: D:\\Apps\\Viktor\\sven\\src\\logger\\database\\db\\DiscordMessages.db","timestamp":"2025-03-13T10:52:33.444Z"}
{"level":"info","message":"Using SQLite database at: D:\\Apps\\Viktor\\sven\\src\\logger\\database\\db\\DiscordMessages.db","timestamp":"2025-03-13T10:52:33.444Z"}
{"level":"info","message":"Using SQLite database at: D:\\Apps\\Viktor\\sven\\src\\logger\\database\\db\\DiscordMessages.db","timestamp":"2025-03-13T10:52:33.444Z"}
{"level":"info","message":"Using SQLite database at: D:\\Apps\\Viktor\\sven\\src\\logger\\database\\db\\DiscordMessages.db","timestamp":"2025-03-13T10:52:33.444Z"}
{"level":"info","message":"Connected to SQLite database successfully.","timestamp":"2025-03-13T10:52:33.450Z"}
{"level":"info","message":"Connected to SQLite database successfully.","timestamp":"2025-03-13T10:52:33.450Z"}
{"level":"info","message":"Connected to SQLite database successfully.","timestamp":"2025-03-13T10:52:33.450Z"}
{"level":"info","message":"Connected to SQLite database successfully.","timestamp":"2025-03-13T10:52:33.450Z"}
{"level":"info","message":"Author added to the database!","timestamp":"2025-03-13T10:52:33.718Z","username":"Ifj. Teszt Elek"}
{"level":"info","message":"Author added to the database!","timestamp":"2025-03-13T10:52:33.735Z","username":"Id. Teszt Elek"}
{"level":"info","message":"Author added to the database!","timestamp":"2025-03-13T10:52:33.743Z","username":"Teszt Elemer"}
{"level":"info","message":"Author added to the database!","timestamp":"2025-03-13T10:52:33.753Z","username":"Ifj. Teszt Elemer"}
{"level":"info","message":"Using SQLite database at: D:\\Apps\\Viktor\\sven\\src\\logger\\database\\db\\DiscordMessages.db","timestamp":"2025-03-13T10:55:03.790Z"}
{"level":"info","message":"Using SQLite database at: D:\\Apps\\Viktor\\sven\\src\\logger\\database\\db\\DiscordMessages.db","timestamp":"2025-03-13T10:55:03.790Z"}
{"level":"info","message":"Using SQLite database at: D:\\Apps\\Viktor\\sven\\src\\logger\\database\\db\\DiscordMessages.db","timestamp":"2025-03-13T10:55:03.791Z"}
{"level":"info","message":"Using SQLite database at: D:\\Apps\\Viktor\\sven\\src\\logger\\database\\db\\DiscordMessages.db","timestamp":"2025-03-13T10:55:03.790Z"}
{"level":"info","message":"Connected to SQLite database successfully.","timestamp":"2025-03-13T10:55:03.796Z"}
{"level":"info","message":"Connected to SQLite database successfully.","timestamp":"2025-03-13T10:55:03.797Z"}
{"level":"info","message":"Connected to SQLite database successfully.","timestamp":"2025-03-13T10:55:03.797Z"}
{"level":"info","message":"Connected to SQLite database successfully.","timestamp":"2025-03-13T10:55:03.798Z"}
{"level":"info","message":"Author added to the database!","timestamp":"2025-03-13T10:55:03.934Z","username":"Ifj. Teszt Elek"}
{"level":"info","message":"Author added to the database!","timestamp":"2025-03-13T10:55:03.953Z","username":"Id. Teszt Elek"}
{"level":"info","message":"Author added to the database!","timestamp":"2025-03-13T10:55:03.961Z","username":"Teszt Elemer"}
{"level":"info","message":"Author added to the database!","timestamp":"2025-03-13T10:55:03.972Z","username":"Ifj. Teszt Elemer"}
{"level":"info","message":"Using SQLite database at: D:\\Apps\\Viktor\\sven\\src\\logger\\database\\db\\DiscordMessages.db","timestamp":"2025-03-13T10:55:35.472Z"}
{"level":"info","message":"Connected to SQLite database successfully.","timestamp":"2025-03-13T10:55:35.475Z"}
{"level":"info","message":"Author added to the database!","timestamp":"2025-03-13T10:55:35.513Z","username":"Ifj. Teszt Elek"}
{"level":"info","message":"Author added to the database!","timestamp":"2025-03-13T10:55:35.530Z","username":"Id. Teszt Elek"}
{"level":"info","message":"Author added to the database!","timestamp":"2025-03-13T10:55:35.541Z","username":"Teszt Elemer"}
{"level":"info","message":"Author added to the database!","timestamp":"2025-03-13T10:55:35.549Z","username":"Ifj. Teszt Elemer"}
{"level":"info","message":"Using SQLite database at: D:\\Apps\\Viktor\\sven\\src\\logger\\database\\db\\DiscordMessages.db","timestamp":"2025-03-13T11:00:28.903Z"}
{"level":"info","message":"Connected to SQLite database successfully.","timestamp":"2025-03-13T11:00:28.907Z"}
{"level":"info","message":"Author added to the database!","timestamp":"2025-03-13T11:00:28.943Z","username":"Ifj. Teszt Elek"}
{"level":"info","message":"Author added to the database!","timestamp":"2025-03-13T11:00:28.959Z","username":"Id. Teszt Elek"}
{"level":"info","message":"Author added to the database!","timestamp":"2025-03-13T11:00:28.967Z","username":"Teszt Elemer"}
{"level":"info","message":"Author added to the database!","timestamp":"2025-03-13T11:00:28.976Z","username":"Ifj. Teszt Elemer"}
{"level":"info","message":"Using SQLite database at: D:\\Apps\\Viktor\\sven\\src\\logger\\database\\db\\DiscordMessages.db","timestamp":"2025-03-13T11:02:42.633Z"}
{"level":"info","message":"Connected to SQLite database successfully.","timestamp":"2025-03-13T11:02:42.637Z"}
{"level":"info","message":"Author added to the database!","timestamp":"2025-03-13T11:02:42.673Z","username":"Ifj. Teszt Elek"}
{"level":"info","message":"Author added to the database!","timestamp":"2025-03-13T11:02:42.687Z","username":"Id. Teszt Elek"}
{"level":"info","message":"Author added to the database!","timestamp":"2025-03-13T11:02:42.693Z","username":"Teszt Elemer"}
{"level":"info","message":"Author added to the database!","timestamp":"2025-03-13T11:02:42.705Z","username":"Ifj. Teszt Elemer"}
{"level":"info","message":"Using SQLite database at: D:\\Apps\\Viktor\\sven\\src\\logger\\database\\db\\DiscordMessages.db","timestamp":"2025-03-13T11:02:58.610Z"}
{"level":"info","message":"Connected to SQLite database successfully.","timestamp":"2025-03-13T11:02:58.614Z"}
{"level":"info","message":"Using SQLite database at: D:\\Apps\\Viktor\\sven\\src\\logger\\database\\db\\DiscordMessages.db","timestamp":"2025-03-13T11:02:58.614Z"}
{"level":"info","message":"Using SQLite database at: D:\\Apps\\Viktor\\sven\\src\\logger\\database\\db\\DiscordMessages.db","timestamp":"2025-03-13T11:02:58.615Z"}
{"level":"info","message":"Using SQLite database at: D:\\Apps\\Viktor\\sven\\src\\logger\\database\\db\\DiscordMessages.db","timestamp":"2025-03-13T11:02:58.616Z"}
{"level":"info","message":"Connected to SQLite database successfully.","timestamp":"2025-03-13T11:02:58.618Z"}
{"level":"info","message":"Connected to SQLite database successfully.","timestamp":"2025-03-13T11:02:58.619Z"}
{"level":"info","message":"Connected to SQLite database successfully.","timestamp":"2025-03-13T11:02:58.620Z"}
{"level":"info","message":"Author added to the database!","timestamp":"2025-03-13T11:02:58.661Z","username":"Ifj. Teszt Elek"}
{"level":"info","message":"Author added to the database!","timestamp":"2025-03-13T11:02:58.678Z","username":"Id. Teszt Elek"}
{"level":"info","message":"Author added to the database!","timestamp":"2025-03-13T11:02:58.686Z","username":"Teszt Elemer"}
{"level":"info","message":"Author added to the database!","timestamp":"2025-03-13T11:02:58.700Z","username":"Ifj. Teszt Elemer"}
{"level":"info","message":"Using SQLite database at: D:\\Apps\\Viktor\\sven\\src\\logger\\database\\db\\DiscordMessages.db","timestamp":"2025-03-13T11:03:45.243Z"}
{"level":"info","message":"Connected to SQLite database successfully.","timestamp":"2025-03-13T11:03:45.246Z"}
{"level":"info","message":"Author added to the database!","timestamp":"2025-03-13T11:03:45.282Z","username":"Ifj. Teszt Elek"}
{"level":"info","message":"Author added to the database!","timestamp":"2025-03-13T11:03:45.298Z","username":"Id. Teszt Elek"}
{"level":"info","message":"Author added to the database!","timestamp":"2025-03-13T11:03:45.305Z","username":"Teszt Elemer"}
{"level":"info","message":"Author added to the database!","timestamp":"2025-03-13T11:03:45.314Z","username":"Ifj. Teszt Elemer"}
{"level":"info","message":"Using SQLite database at: D:\\Apps\\Viktor\\sven\\src\\logger\\database\\db\\DiscordMessages.db","timestamp":"2025-03-13T11:05:27.213Z"}
{"level":"info","message":"Connected to SQLite database successfully.","timestamp":"2025-03-13T11:05:27.217Z"}
{"level":"info","message":"Author added to the database!","timestamp":"2025-03-13T11:05:27.253Z","username":"Ifj. Teszt Elek"}
{"level":"info","message":"Author added to the database!","timestamp":"2025-03-13T11:05:27.272Z","username":"Id. Teszt Elek"}
{"level":"info","message":"Author added to the database!","timestamp":"2025-03-13T11:05:27.280Z","username":"Teszt Elemer"}
{"level":"info","message":"Author added to the database!","timestamp":"2025-03-13T11:05:27.289Z","username":"Ifj. Teszt Elemer"}
{"level":"info","message":"Using SQLite database at: D:\\Apps\\Viktor\\sven\\src\\logger\\database\\db\\DiscordMessages.db","timestamp":"2025-03-13T11:06:14.307Z"}
{"level":"info","message":"Connected to SQLite database successfully.","timestamp":"2025-03-13T11:06:14.310Z"}
{"level":"info","message":"Author added to the database!","timestamp":"2025-03-13T11:06:14.347Z","username":"Ifj. Teszt Elek"}
{"level":"info","message":"Author added to the database!","timestamp":"2025-03-13T11:06:14.355Z","username":"Id. Teszt Elek"}
{"level":"info","message":"Author added to the database!","timestamp":"2025-03-13T11:06:14.361Z","username":"Teszt Elemer"}
{"level":"info","message":"Author added to the database!","timestamp":"2025-03-13T11:06:14.370Z","username":"Ifj. Teszt Elemer"}
{"level":"info","message":"Using SQLite database at: D:\\Apps\\Viktor\\sven\\src\\logger\\database\\db\\DiscordMessages.db","timestamp":"2025-03-13T11:08:41.370Z"}
{"level":"info","message":"Connected to SQLite database successfully.","timestamp":"2025-03-13T11:08:41.374Z"}
{"level":"info","message":"Author added to the database!","timestamp":"2025-03-13T11:08:41.409Z","username":"Ifj. Teszt Elek"}
{"level":"info","message":"Author added to the database!","timestamp":"2025-03-13T11:08:41.418Z","username":"Id. Teszt Elek"}
{"level":"info","message":"Author added to the database!","timestamp":"2025-03-13T11:08:41.428Z","username":"Teszt Elemer"}
{"level":"info","message":"Author added to the database!","timestamp":"2025-03-13T11:08:41.443Z","username":"Ifj. Teszt Elemer"}
{"level":"info","message":"Using SQLite database at: D:\\Apps\\Viktor\\sven\\src\\logger\\database\\db\\DiscordMessages.db","timestamp":"2025-03-13T11:09:13.920Z"}
{"level":"info","message":"Connected to SQLite database successfully.","timestamp":"2025-03-13T11:09:13.923Z"}
{"level":"info","message":"Author added to the database!","timestamp":"2025-03-13T11:09:13.959Z","username":"Ifj. Teszt Elek"}
{"level":"info","message":"Author added to the database!","timestamp":"2025-03-13T11:09:13.968Z","username":"Id. Teszt Elek"}
{"level":"info","message":"Author added to the database!","timestamp":"2025-03-13T11:09:13.973Z","username":"Teszt Elemer"}
{"level":"info","message":"Author added to the database!","timestamp":"2025-03-13T11:09:13.988Z","username":"Ifj. Teszt Elemer"}
{"level":"info","message":"Using SQLite database at: D:\\Apps\\Viktor\\sven\\src\\logger\\database\\db\\DiscordMessages.db","timestamp":"2025-03-13T11:12:16.858Z"}
{"level":"info","message":"Connected to SQLite database successfully.","timestamp":"2025-03-13T11:12:16.861Z"}
{"level":"info","message":"Author added to the database!","timestamp":"2025-03-13T11:12:16.896Z","username":"Ifj. Teszt Elek"}
{"level":"info","message":"Author added to the database!","timestamp":"2025-03-13T11:12:16.906Z","username":"Id. Teszt Elek"}
{"level":"info","message":"Author added to the database!","timestamp":"2025-03-13T11:12:16.918Z","username":"Teszt Elemer"}
{"level":"info","message":"Author added to the database!","timestamp":"2025-03-13T11:12:16.935Z","username":"Ifj. Teszt Elemer"}
{"level":"info","message":"Using SQLite database at: D:\\Apps\\Viktor\\sven\\src\\logger\\database\\db\\DiscordMessages.db","timestamp":"2025-03-13T11:14:22.740Z"}
{"level":"info","message":"Connected to SQLite database successfully.","timestamp":"2025-03-13T11:14:22.743Z"}
{"level":"info","message":"Author added to the database!","timestamp":"2025-03-13T11:14:22.778Z","username":"Ifj. Teszt Elek"}
{"level":"info","message":"Author added to the database!","timestamp":"2025-03-13T11:14:22.787Z","username":"Id. Teszt Elek"}
{"level":"info","message":"Author added to the database!","timestamp":"2025-03-13T11:14:22.793Z","username":"Teszt Elemer"}
{"level":"info","message":"Author added to the database!","timestamp":"2025-03-13T11:14:22.801Z","username":""}
{"level":"info","message":"Author added to the database!","timestamp":"2025-03-13T11:14:22.817Z","username":"Ifj. Teszt Elemer"}
{"level":"info","message":"Using SQLite database at: D:\\Apps\\Viktor\\sven\\src\\logger\\database\\db\\DiscordMessages.db","timestamp":"2025-03-13T11:14:47.086Z"}
{"level":"info","message":"Connected to SQLite database successfully.","timestamp":"2025-03-13T11:14:47.090Z"}
{"level":"info","message":"Author added to the database!","timestamp":"2025-03-13T11:14:47.125Z","username":"Ifj. Teszt Elek"}
{"level":"info","message":"Author added to the database!","timestamp":"2025-03-13T11:14:47.134Z","username":"Id. Teszt Elek"}
{"level":"info","message":"Author added to the database!","timestamp":"2025-03-13T11:14:47.141Z","username":"Teszt Elemer"}
{"level":"info","message":"Author added to the database!","timestamp":"2025-03-13T11:14:47.148Z","username":""}
{"level":"info","message":"Author added to the database!","timestamp":"2025-03-13T11:14:47.165Z","username":"Ifj. Teszt Elemer"}
{"level":"info","message":"Using SQLite database at: D:\\Apps\\Viktor\\sven\\src\\logger\\database\\db\\DiscordMessages.db","timestamp":"2025-03-13T11:15:57.493Z"}
{"level":"info","message":"Connected to SQLite database successfully.","timestamp":"2025-03-13T11:15:57.496Z"}
{"level":"info","message":"Author added to the database!","timestamp":"2025-03-13T11:15:57.532Z","username":"Ifj. Teszt Elek"}
{"level":"info","message":"Author added to the database!","timestamp":"2025-03-13T11:15:57.540Z","username":"Id. Teszt Elek"}
{"level":"info","message":"Author added to the database!","timestamp":"2025-03-13T11:15:57.550Z","username":"Teszt Elemer"}
{"level":"info","message":"Author added to the database!","timestamp":"2025-03-13T11:15:57.559Z","username":""}
{"level":"info","message":"Author added to the database!","timestamp":"2025-03-13T11:15:57.571Z","username":"Ifj. Teszt Elemer"}
{"level":"info","message":"Using SQLite database at: D:\\Apps\\Viktor\\sven\\src\\logger\\database\\db\\DiscordMessages.db","timestamp":"2025-03-13T11:16:51.787Z"}
{"level":"info","message":"Connected to SQLite database successfully.","timestamp":"2025-03-13T11:16:51.791Z"}
{"level":"info","message":"Author added to the database!","timestamp":"2025-03-13T11:16:51.825Z","username":"Ifj. Teszt Elek"}
{"level":"info","message":"Author added to the database!","timestamp":"2025-03-13T11:16:51.835Z","username":"Id. Teszt Elek"}
{"level":"info","message":"Author added to the database!","timestamp":"2025-03-13T11:16:51.843Z","username":"Teszt Elemer"}
{"level":"info","message":"Author added to the database!","timestamp":"2025-03-13T11:16:51.853Z","username":""}
{"code":"SQLITE_CONSTRAINT","errno":19,"level":"error","message":"Error creating message: SQLITE_CONSTRAINT: FOREIGN KEY constraint failed","stack":"Error: SQLITE_CONSTRAINT: FOREIGN KEY constraint failed","timestamp":"2025-03-13T11:16:51.857Z"}
{"level":"info","message":"Author added to the database!","timestamp":"2025-03-13T11:16:51.865Z","username":"Ifj. Teszt Elemer"}
{"level":"info","message":"Using SQLite database at: D:\\Apps\\Viktor\\sven\\src\\logger\\database\\db\\DiscordMessages.db","timestamp":"2025-03-13T11:17:29.078Z"}
{"level":"info","message":"Connected to SQLite database successfully.","timestamp":"2025-03-13T11:17:29.081Z"}
{"level":"info","message":"Author added to the database!","timestamp":"2025-03-13T11:17:29.117Z","username":"Ifj. Teszt Elek"}
{"level":"info","message":"Author added to the database!","timestamp":"2025-03-13T11:17:29.129Z","username":"Id. Teszt Elek"}
{"level":"info","message":"Author added to the database!","timestamp":"2025-03-13T11:17:29.136Z","username":"Teszt Elemer"}
{"level":"info","message":"Author added to the database!","timestamp":"2025-03-13T11:17:29.144Z","username":""}
{"code":"SQLITE_CONSTRAINT","errno":19,"level":"error","message":"Error creating message: SQLITE_CONSTRAINT: FOREIGN KEY constraint failed","stack":"Error: SQLITE_CONSTRAINT: FOREIGN KEY constraint failed","timestamp":"2025-03-13T11:17:29.148Z"}
{"level":"info","message":"Author added to the database!","timestamp":"2025-03-13T11:17:29.155Z","username":"Ifj. Teszt Elemer"}
{"level":"info","message":"Using SQLite database at: D:\\Apps\\Viktor\\sven\\src\\logger\\database\\db\\DiscordMessages.db","timestamp":"2025-03-13T11:17:35.653Z"}
{"level":"info","message":"Connected to SQLite database successfully.","timestamp":"2025-03-13T11:17:35.657Z"}
{"level":"info","message":"Author added to the database!","timestamp":"2025-03-13T11:17:35.692Z","username":"Ifj. Teszt Elek"}
{"level":"info","message":"Author added to the database!","timestamp":"2025-03-13T11:17:35.702Z","username":"Id. Teszt Elek"}
{"level":"info","message":"Author added to the database!","timestamp":"2025-03-13T11:17:35.714Z","username":"Teszt Elemer"}
{"level":"info","message":"Author added to the database!","timestamp":"2025-03-13T11:17:35.723Z","username":""}
{"level":"info","message":"Author added to the database!","timestamp":"2025-03-13T11:17:35.737Z","username":"Ifj. Teszt Elemer"}
{"level":"info","message":"Using SQLite database at: D:\\Apps\\Viktor\\sven\\src\\logger\\database\\db\\DiscordMessages.db","timestamp":"2025-03-13T11:18:18.766Z"}
{"level":"info","message":"Connected to SQLite database successfully.","timestamp":"2025-03-13T11:18:18.770Z"}
{"level":"info","message":"Using SQLite database at: D:\\Apps\\Viktor\\sven\\src\\logger\\database\\db\\DiscordMessages.db","timestamp":"2025-03-13T11:18:18.771Z"}
{"level":"info","message":"Using SQLite database at: D:\\Apps\\Viktor\\sven\\src\\logger\\database\\db\\DiscordMessages.db","timestamp":"2025-03-13T11:18:18.772Z"}
{"level":"info","message":"Connected to SQLite database successfully.","timestamp":"2025-03-13T11:18:18.774Z"}
{"level":"info","message":"Connected to SQLite database successfully.","timestamp":"2025-03-13T11:18:18.775Z"}
{"level":"info","message":"Using SQLite database at: D:\\Apps\\Viktor\\sven\\src\\logger\\database\\db\\DiscordMessages.db","timestamp":"2025-03-13T11:18:18.777Z"}
{"level":"info","message":"Connected to SQLite database successfully.","timestamp":"2025-03-13T11:18:18.781Z"}
{"level":"info","message":"Author added to the database!","timestamp":"2025-03-13T11:18:18.808Z","username":"Ifj. Teszt Elek"}
{"level":"info","message":"Author added to the database!","timestamp":"2025-03-13T11:18:18.819Z","username":"Id. Teszt Elek"}
{"level":"info","message":"Author added to the database!","timestamp":"2025-03-13T11:18:18.825Z","username":"Teszt Elemer"}
{"level":"info","message":"Author added to the database!","timestamp":"2025-03-13T11:18:18.836Z","username":""}
{"level":"info","message":"Author added to the database!","timestamp":"2025-03-13T11:18:18.853Z","username":"Ifj. Teszt Elemer"}
{"level":"info","message":"Using SQLite database at: D:\\Apps\\Viktor\\sven\\src\\logger\\database\\db\\DiscordMessages.db","timestamp":"2025-03-13T11:20:19.981Z"}
{"level":"info","message":"Using SQLite database at: D:\\Apps\\Viktor\\sven\\src\\logger\\database\\db\\DiscordMessages.db","timestamp":"2025-03-13T11:20:19.982Z"}
{"level":"info","message":"Connected to SQLite database successfully.","timestamp":"2025-03-13T11:20:19.985Z"}
{"level":"info","message":"Connected to SQLite database successfully.","timestamp":"2025-03-13T11:20:19.985Z"}
{"level":"info","message":"Using SQLite database at: D:\\Apps\\Viktor\\sven\\src\\logger\\database\\db\\DiscordMessages.db","timestamp":"2025-03-13T11:20:19.987Z"}
{"level":"info","message":"Connected to SQLite database successfully.","timestamp":"2025-03-13T11:20:19.990Z"}
{"level":"info","message":"Using SQLite database at: D:\\Apps\\Viktor\\sven\\src\\logger\\database\\db\\DiscordMessages.db","timestamp":"2025-03-13T11:20:19.996Z"}
{"level":"info","message":"Connected to SQLite database successfully.","timestamp":"2025-03-13T11:20:20.000Z"}
{"level":"info","message":"Author added to the database!","timestamp":"2025-03-13T11:20:20.029Z","username":"Ifj. Teszt Elek"}
{"level":"info","message":"Author added to the database!","timestamp":"2025-03-13T11:20:20.040Z","username":"Id. Teszt Elek"}
{"level":"info","message":"Author added to the database!","timestamp":"2025-03-13T11:20:20.051Z","username":"Teszt Elemer"}
{"level":"info","message":"Author added to the database!","timestamp":"2025-03-13T11:20:20.063Z","username":""}
{"level":"info","message":"Author added to the database!","timestamp":"2025-03-13T11:20:20.080Z","username":"Ifj. Teszt Elemer"}
{"level":"info","message":"Using SQLite database at: D:\\Apps\\Viktor\\sven\\src\\logger\\database\\db\\DiscordMessages.db","timestamp":"2025-03-13T11:20:33.997Z"}
{"level":"info","message":"Connected to SQLite database successfully.","timestamp":"2025-03-13T11:20:34.000Z"}
{"level":"info","message":"Author added to the database!","timestamp":"2025-03-13T11:20:34.036Z","username":"Ifj. Teszt Elek"}
{"level":"info","message":"Author added to the database!","timestamp":"2025-03-13T11:20:34.045Z","username":"Id. Teszt Elek"}
{"level":"info","message":"Author added to the database!","timestamp":"2025-03-13T11:20:34.051Z","username":"Teszt Elemer"}
{"level":"info","message":"Author added to the database!","timestamp":"2025-03-13T11:20:34.058Z","username":""}
{"level":"info","message":"Author added to the database!","timestamp":"2025-03-13T11:20:34.073Z","username":"Ifj. Teszt Elemer"}
{"level":"info","message":"Using SQLite database at: D:\\Apps\\Viktor\\sven\\src\\logger\\database\\db\\DiscordMessages.db","timestamp":"2025-03-13T11:21:00.451Z"}
{"level":"info","message":"Connected to SQLite database successfully.","timestamp":"2025-03-13T11:21:00.454Z"}
{"level":"info","message":"Using SQLite database at: D:\\Apps\\Viktor\\sven\\src\\logger\\database\\db\\DiscordMessages.db","timestamp":"2025-03-13T11:21:00.457Z"}
{"level":"info","message":"Connected to SQLite database successfully.","timestamp":"2025-03-13T11:21:00.460Z"}
{"level":"info","message":"Using SQLite database at: D:\\Apps\\Viktor\\sven\\src\\logger\\database\\db\\DiscordMessages.db","timestamp":"2025-03-13T11:21:00.460Z"}
{"level":"info","message":"Using SQLite database at: D:\\Apps\\Viktor\\sven\\src\\logger\\database\\db\\DiscordMessages.db","timestamp":"2025-03-13T11:21:00.461Z"}
{"level":"info","message":"Connected to SQLite database successfully.","timestamp":"2025-03-13T11:21:00.464Z"}
{"level":"info","message":"Connected to SQLite database successfully.","timestamp":"2025-03-13T11:21:00.465Z"}
{"level":"info","message":"Author added to the database!","timestamp":"2025-03-13T11:21:00.505Z","username":"Ifj. Teszt Elek"}
{"level":"info","message":"Author added to the database!","timestamp":"2025-03-13T11:21:00.520Z","username":"Id. Teszt Elek"}
{"level":"info","message":"Author added to the database!","timestamp":"2025-03-13T11:21:00.538Z","username":"Teszt Elemer"}
{"level":"info","message":"Author added to the database!","timestamp":"2025-03-13T11:21:00.560Z","username":""}
{"code":"SQLITE_CONSTRAINT","errno":19,"level":"error","message":"Error creating message: SQLITE_CONSTRAINT: FOREIGN KEY constraint failed","stack":"Error: SQLITE_CONSTRAINT: FOREIGN KEY constraint failed","timestamp":"2025-03-13T11:21:00.566Z"}
{"level":"info","message":"Author added to the database!","timestamp":"2025-03-13T11:21:00.576Z","username":"Ifj. Teszt Elemer"}
{"level":"info","message":"Using SQLite database at: D:\\Apps\\Viktor\\sven\\src\\logger\\database\\db\\DiscordMessages.db","timestamp":"2025-03-13T11:22:32.782Z"}
{"level":"info","message":"Connected to SQLite database successfully.","timestamp":"2025-03-13T11:22:32.785Z"}
{"level":"info","message":"Author added to the database!","timestamp":"2025-03-13T11:22:32.820Z","username":"Ifj. Teszt Elek"}
{"level":"info","message":"Author added to the database!","timestamp":"2025-03-13T11:22:32.830Z","username":"Id. Teszt Elek"}
{"level":"info","message":"Author added to the database!","timestamp":"2025-03-13T11:22:32.837Z","username":"Teszt Elemer"}
{"level":"info","message":"Author added to the database!","timestamp":"2025-03-13T11:22:32.846Z","username":""}
{"level":"info","message":"Author added to the database!","timestamp":"2025-03-13T11:22:32.857Z","username":"Ifj. Teszt Elemer"}
{"level":"info","message":"Using SQLite database at: D:\\Apps\\Viktor\\sven\\src\\logger\\database\\db\\DiscordMessages.db","timestamp":"2025-03-13T11:22:56.519Z"}
{"level":"info","message":"Connected to SQLite database successfully.","timestamp":"2025-03-13T11:22:56.522Z"}
{"level":"info","message":"Author added to the database!","timestamp":"2025-03-13T11:22:56.557Z","username":"Ifj. Teszt Elek"}
{"level":"info","message":"Author added to the database!","timestamp":"2025-03-13T11:22:56.566Z","username":"Id. Teszt Elek"}
{"level":"info","message":"Author added to the database!","timestamp":"2025-03-13T11:22:56.576Z","username":"Teszt Elemer"}
{"level":"info","message":"Author added to the database!","timestamp":"2025-03-13T11:22:56.583Z","username":""}
{"level":"info","message":"Author added to the database!","timestamp":"2025-03-13T11:22:56.596Z","username":"Ifj. Teszt Elemer"}
{"level":"info","message":"Using SQLite database at: D:\\Apps\\Viktor\\sven\\src\\logger\\database\\db\\DiscordMessages.db","timestamp":"2025-03-13T11:23:11.828Z"}
{"level":"info","message":"Connected to SQLite database successfully.","timestamp":"2025-03-13T11:23:11.831Z"}
{"level":"info","message":"Author added to the database!","timestamp":"2025-03-13T11:23:11.867Z","username":"Ifj. Teszt Elek"}
{"level":"info","message":"Author added to the database!","timestamp":"2025-03-13T11:23:11.877Z","username":"Id. Teszt Elek"}
{"level":"info","message":"Author added to the database!","timestamp":"2025-03-13T11:23:11.887Z","username":"Teszt Elemer"}
{"level":"info","message":"Author added to the database!","timestamp":"2025-03-13T11:23:11.896Z","username":""}
{"code":"SQLITE_CONSTRAINT","errno":19,"level":"error","message":"Error creating message: SQLITE_CONSTRAINT: FOREIGN KEY constraint failed","stack":"Error: SQLITE_CONSTRAINT: FOREIGN KEY constraint failed","timestamp":"2025-03-13T11:23:11.900Z"}
{"level":"info","message":"Author added to the database!","timestamp":"2025-03-13T11:23:11.906Z","username":"Ifj. Teszt Elemer"}
{"level":"info","message":"Using SQLite database at: D:\\Apps\\Viktor\\sven\\src\\logger\\database\\db\\DiscordMessages.db","timestamp":"2025-03-13T11:24:57.305Z"}
{"level":"info","message":"Connected to SQLite database successfully.","timestamp":"2025-03-13T11:24:57.308Z"}
{"level":"info","message":"Author added to the database!","timestamp":"2025-03-13T11:24:57.344Z","username":"Ifj. Teszt Elek"}
{"level":"info","message":"Author added to the database!","timestamp":"2025-03-13T11:24:57.353Z","username":"Id. Teszt Elek"}
{"level":"info","message":"Author added to the database!","timestamp":"2025-03-13T11:24:57.359Z","username":"Teszt Elemer"}
{"level":"info","message":"Author added to the database!","timestamp":"2025-03-13T11:24:57.367Z","username":""}
{"code":"SQLITE_CONSTRAINT","errno":19,"level":"error","message":"Error creating author: SQLITE_CONSTRAINT: NOT NULL constraint failed: Authors.createdAt","stack":"Error: SQLITE_CONSTRAINT: NOT NULL constraint failed: Authors.createdAt","timestamp":"2025-03-13T11:24:57.372Z"}
{"level":"info","message":"Author added to the database!","timestamp":"2025-03-13T11:24:57.380Z","username":"Ifj. Teszt Elemer"}
{"level":"info","message":"Using SQLite database at: D:\\Apps\\Viktor\\sven\\src\\logger\\database\\db\\DiscordMessages.db","timestamp":"2025-03-13T11:25:23.972Z"}
{"level":"info","message":"Connected to SQLite database successfully.","timestamp":"2025-03-13T11:25:23.975Z"}
{"level":"info","message":"Author added to the database!","timestamp":"2025-03-13T11:25:24.011Z","username":"Ifj. Teszt Elek"}
{"level":"info","message":"Author added to the database!","timestamp":"2025-03-13T11:25:24.022Z","username":"Id. Teszt Elek"}
{"level":"info","message":"Author added to the database!","timestamp":"2025-03-13T11:25:24.028Z","username":"Teszt Elemer"}
{"level":"info","message":"Author added to the database!","timestamp":"2025-03-13T11:25:24.039Z","username":""}
{"level":"info","message":"Author added to the database!","timestamp":"2025-03-13T11:25:24.051Z","username":"Ifj. Teszt Elemer"}
{"level":"info","message":"Using SQLite database at: D:\\Apps\\Viktor\\sven\\src\\logger\\database\\db\\DiscordMessages.db","timestamp":"2025-03-13T11:25:42.783Z"}
{"level":"info","message":"Connected to SQLite database successfully.","timestamp":"2025-03-13T11:25:42.786Z"}
{"level":"info","message":"Author added to the database!","timestamp":"2025-03-13T11:25:42.822Z","username":"Ifj. Teszt Elek"}
{"level":"info","message":"Author added to the database!","timestamp":"2025-03-13T11:25:42.832Z","username":"Id. Teszt Elek"}
{"level":"info","message":"Author added to the database!","timestamp":"2025-03-13T11:25:42.840Z","username":"Teszt Elemer"}
{"level":"info","message":"Author added to the database!","timestamp":"2025-03-13T11:25:42.850Z","username":""}
{"level":"info","message":"Author added to the database!","timestamp":"2025-03-13T11:25:42.864Z","username":"Ifj. Teszt Elemer"}
{"level":"info","message":"Using SQLite database at: D:\\Apps\\Viktor\\sven\\src\\logger\\database\\db\\DiscordMessages.db","timestamp":"2025-03-13T11:34:23.049Z"}
{"level":"info","message":"Using SQLite database at: D:\\Apps\\Viktor\\sven\\src\\logger\\database\\db\\DiscordMessages.db","timestamp":"2025-03-13T11:34:23.049Z"}
{"level":"info","message":"Connected to SQLite database successfully.","timestamp":"2025-03-13T11:34:23.052Z"}
{"level":"info","message":"Connected to SQLite database successfully.","timestamp":"2025-03-13T11:34:23.052Z"}
{"level":"info","message":"Using SQLite database at: D:\\Apps\\Viktor\\sven\\src\\logger\\database\\db\\DiscordMessages.db","timestamp":"2025-03-13T11:34:23.054Z"}
{"level":"info","message":"Connected to SQLite database successfully.","timestamp":"2025-03-13T11:34:23.058Z"}
{"level":"info","message":"Using SQLite database at: D:\\Apps\\Viktor\\sven\\src\\logger\\database\\db\\DiscordMessages.db","timestamp":"2025-03-13T11:34:23.059Z"}
{"level":"info","message":"Connected to SQLite database successfully.","timestamp":"2025-03-13T11:34:23.062Z"}
{"level":"info","message":"Author added to the database!","timestamp":"2025-03-13T11:34:23.098Z","username":"Ifj. Teszt Elek"}
{"level":"info","message":"Author added to the database!","timestamp":"2025-03-13T11:34:23.109Z","username":"Id. Teszt Elek"}
{"level":"info","message":"Author added to the database!","timestamp":"2025-03-13T11:34:23.125Z","username":"Teszt Elemer"}
{"level":"info","message":"Author added to the database!","timestamp":"2025-03-13T11:34:23.136Z","username":""}
{"level":"info","message":"Author added to the database!","timestamp":"2025-03-13T11:34:23.149Z","username":"Ifj. Teszt Elemer"}
{"level":"info","message":"Using SQLite database at: D:\\Apps\\Viktor\\sven\\src\\logger\\database\\db\\DiscordMessages.db","timestamp":"2025-03-13T11:34:24.934Z"}
{"level":"info","message":"Connected to SQLite database successfully.","timestamp":"2025-03-13T11:34:24.937Z"}
{"level":"info","message":"Author added to the database!","timestamp":"2025-03-13T11:34:24.973Z","username":"Ifj. Teszt Elek"}
{"level":"info","message":"Author added to the database!","timestamp":"2025-03-13T11:34:24.982Z","username":"Id. Teszt Elek"}
{"level":"info","message":"Author added to the database!","timestamp":"2025-03-13T11:34:24.990Z","username":"Teszt Elemer"}
{"level":"info","message":"Author added to the database!","timestamp":"2025-03-13T11:34:24.999Z","username":""}
{"level":"info","message":"Author added to the database!","timestamp":"2025-03-13T11:34:25.011Z","username":"Ifj. Teszt Elemer"}
{"level":"info","message":"Using SQLite database at: D:\\Apps\\Viktor\\sven\\src\\logger\\database\\db\\DiscordMessages.db","timestamp":"2025-03-13T11:35:27.760Z"}
{"level":"info","message":"Connected to SQLite database successfully.","timestamp":"2025-03-13T11:35:27.763Z"}
{"level":"info","message":"Author added to the database!","timestamp":"2025-03-13T11:35:27.799Z","username":"Ifj. Teszt Elek"}
{"level":"info","message":"Author added to the database!","timestamp":"2025-03-13T11:35:27.808Z","username":"Id. Teszt Elek"}
{"level":"info","message":"Author added to the database!","timestamp":"2025-03-13T11:35:27.814Z","username":"Teszt Elemer"}
{"level":"info","message":"Author added to the database!","timestamp":"2025-03-13T11:35:27.825Z","username":""}
{"level":"error","message":"Error logging message: Cannot read properties of undefined (reading 'messageCreatedAt')","stack":"TypeError: Cannot read properties of undefined (reading 'messageCreatedAt')\n    at messageLoggerController (D:\\Apps\\Viktor\\sven\\src\\logger\\controller\\messageLogger.controller.ts:13:51)\n    at mockCall (file:///D:/Apps/Viktor/sven/node_modules/@vitest/spy/dist/index.js:61:17)\n    at messageLoggerController (file:///D:/Apps/Viktor/sven/node_modules/tinyspy/dist/index.js:45:80)\n    at Assertion.__VITEST_REJECTS__ (file:///D:/Apps/Viktor/sven/node_modules/@vitest/expect/dist/index.js:1948:51)\n    at Assertion.propertyGetter (file:///D:/Apps/Viktor/sven/node_modules/chai/chai.js:1486:27)\n    at Reflect.get (<anonymous>)\n    at Object.proxyGetter [as get] (file:///D:/Apps/Viktor/sven/node_modules/chai/chai.js:1577:22)\n    at D:\\Apps\\Viktor\\sven\\src\\logger\\controller\\messageLogger.controller.test.ts:102:67\n    at file:///D:/Apps/Viktor/sven/node_modules/@vitest/runner/dist/index.js:563:22","timestamp":"2025-03-13T11:35:27.834Z"}
{"level":"info","message":"Author added to the database!","timestamp":"2025-03-13T11:35:27.839Z","username":"Ifj. Teszt Elemer"}
{"level":"info","message":"Using SQLite database at: D:\\Apps\\Viktor\\sven\\src\\logger\\database\\db\\DiscordMessages.db","timestamp":"2025-03-13T11:35:38.654Z"}
{"level":"info","message":"Connected to SQLite database successfully.","timestamp":"2025-03-13T11:35:38.657Z"}
{"level":"info","message":"Author added to the database!","timestamp":"2025-03-13T11:35:38.694Z","username":"Ifj. Teszt Elek"}
{"level":"info","message":"Author added to the database!","timestamp":"2025-03-13T11:35:38.704Z","username":"Id. Teszt Elek"}
{"level":"info","message":"Author added to the database!","timestamp":"2025-03-13T11:35:38.711Z","username":"Teszt Elemer"}
{"level":"info","message":"Author added to the database!","timestamp":"2025-03-13T11:35:38.721Z","username":""}
{"level":"error","message":"Error logging message: Cannot read properties of undefined (reading 'messageCreatedAt')","stack":"TypeError: Cannot read properties of undefined (reading 'messageCreatedAt')\n    at messageLoggerController (D:\\Apps\\Viktor\\sven\\src\\logger\\controller\\messageLogger.controller.ts:13:51)\n    at mockCall (file:///D:/Apps/Viktor/sven/node_modules/@vitest/spy/dist/index.js:61:17)\n    at messageLoggerController (file:///D:/Apps/Viktor/sven/node_modules/tinyspy/dist/index.js:45:80)\n    at Assertion.__VITEST_REJECTS__ (file:///D:/Apps/Viktor/sven/node_modules/@vitest/expect/dist/index.js:1948:51)\n    at Assertion.propertyGetter (file:///D:/Apps/Viktor/sven/node_modules/chai/chai.js:1486:27)\n    at Reflect.get (<anonymous>)\n    at Object.proxyGetter [as get] (file:///D:/Apps/Viktor/sven/node_modules/chai/chai.js:1577:22)\n    at D:\\Apps\\Viktor\\sven\\src\\logger\\controller\\messageLogger.controller.test.ts:102:67\n    at file:///D:/Apps/Viktor/sven/node_modules/@vitest/runner/dist/index.js:563:22","timestamp":"2025-03-13T11:35:38.735Z"}
{"level":"info","message":"Author added to the database!","timestamp":"2025-03-13T11:35:38.743Z","username":"Ifj. Teszt Elemer"}
{"level":"info","message":"Using SQLite database at: D:\\Apps\\Viktor\\sven\\src\\logger\\database\\db\\DiscordMessages.db","timestamp":"2025-03-13T11:35:40.196Z"}
{"level":"info","message":"Connected to SQLite database successfully.","timestamp":"2025-03-13T11:35:40.199Z"}
{"level":"info","message":"Author added to the database!","timestamp":"2025-03-13T11:35:40.235Z","username":"Ifj. Teszt Elek"}
{"level":"info","message":"Author added to the database!","timestamp":"2025-03-13T11:35:40.245Z","username":"Id. Teszt Elek"}
{"level":"info","message":"Author added to the database!","timestamp":"2025-03-13T11:35:40.256Z","username":"Teszt Elemer"}
{"level":"info","message":"Author added to the database!","timestamp":"2025-03-13T11:35:40.266Z","username":""}
{"level":"error","message":"Error logging message: Cannot read properties of undefined (reading 'messageCreatedAt')","stack":"TypeError: Cannot read properties of undefined (reading 'messageCreatedAt')\n    at messageLoggerController (D:\\Apps\\Viktor\\sven\\src\\logger\\controller\\messageLogger.controller.ts:13:51)\n    at mockCall (file:///D:/Apps/Viktor/sven/node_modules/@vitest/spy/dist/index.js:61:17)\n    at messageLoggerController (file:///D:/Apps/Viktor/sven/node_modules/tinyspy/dist/index.js:45:80)\n    at Assertion.__VITEST_REJECTS__ (file:///D:/Apps/Viktor/sven/node_modules/@vitest/expect/dist/index.js:1948:51)\n    at Assertion.propertyGetter (file:///D:/Apps/Viktor/sven/node_modules/chai/chai.js:1486:27)\n    at Reflect.get (<anonymous>)\n    at Object.proxyGetter [as get] (file:///D:/Apps/Viktor/sven/node_modules/chai/chai.js:1577:22)\n    at D:\\Apps\\Viktor\\sven\\src\\logger\\controller\\messageLogger.controller.test.ts:102:67\n    at file:///D:/Apps/Viktor/sven/node_modules/@vitest/runner/dist/index.js:563:22","timestamp":"2025-03-13T11:35:40.275Z"}
{"level":"info","message":"Author added to the database!","timestamp":"2025-03-13T11:35:40.282Z","username":"Ifj. Teszt Elemer"}
{"level":"info","message":"Using SQLite database at: D:\\Apps\\Viktor\\sven\\src\\logger\\database\\db\\DiscordMessages.db","timestamp":"2025-03-13T11:36:21.310Z"}
{"level":"info","message":"Connected to SQLite database successfully.","timestamp":"2025-03-13T11:36:21.312Z"}
{"level":"info","message":"Author added to the database!","timestamp":"2025-03-13T11:36:21.348Z","username":"Ifj. Teszt Elek"}
{"level":"info","message":"Author added to the database!","timestamp":"2025-03-13T11:36:21.357Z","username":"Id. Teszt Elek"}
{"level":"info","message":"Author added to the database!","timestamp":"2025-03-13T11:36:21.369Z","username":"Teszt Elemer"}
{"level":"info","message":"Author added to the database!","timestamp":"2025-03-13T11:36:21.377Z","username":""}
{"level":"info","message":"Author added to the database!","timestamp":"2025-03-13T11:36:21.389Z","username":"Ifj. Teszt Elemer"}
{"level":"info","message":"Using SQLite database at: D:\\Apps\\Viktor\\sven\\src\\logger\\database\\db\\DiscordMessages.db","timestamp":"2025-03-13T11:36:56.602Z"}
{"level":"info","message":"Connected to SQLite database successfully.","timestamp":"2025-03-13T11:36:56.605Z"}
{"level":"info","message":"Author added to the database!","timestamp":"2025-03-13T11:36:56.641Z","username":"Ifj. Teszt Elek"}
{"level":"info","message":"Author added to the database!","timestamp":"2025-03-13T11:36:56.650Z","username":"Id. Teszt Elek"}
{"level":"info","message":"Author added to the database!","timestamp":"2025-03-13T11:36:56.656Z","username":"Teszt Elemer"}
{"level":"info","message":"Author added to the database!","timestamp":"2025-03-13T11:36:56.666Z","username":""}
{"level":"info","message":"Author added to the database!","timestamp":"2025-03-13T11:36:56.679Z","username":"Ifj. Teszt Elemer"}
{"level":"info","message":"Using SQLite database at: D:\\Apps\\Viktor\\sven\\src\\logger\\database\\db\\DiscordMessages.db","timestamp":"2025-03-13T11:37:04.002Z"}
{"level":"info","message":"Connected to SQLite database successfully.","timestamp":"2025-03-13T11:37:04.005Z"}
{"level":"info","message":"Author added to the database!","timestamp":"2025-03-13T11:37:04.043Z","username":"Ifj. Teszt Elek"}
{"level":"info","message":"Author added to the database!","timestamp":"2025-03-13T11:37:04.053Z","username":"Id. Teszt Elek"}
{"level":"info","message":"Author added to the database!","timestamp":"2025-03-13T11:37:04.059Z","username":"Teszt Elemer"}
{"level":"info","message":"Author added to the database!","timestamp":"2025-03-13T11:37:04.068Z","username":""}
{"level":"info","message":"Author added to the database!","timestamp":"2025-03-13T11:37:04.080Z","username":"Ifj. Teszt Elemer"}
{"level":"info","message":"Using SQLite database at: D:\\Apps\\Viktor\\sven\\src\\logger\\database\\db\\DiscordMessages.db","timestamp":"2025-03-13T11:37:14.691Z"}
{"level":"info","message":"Connected to SQLite database successfully.","timestamp":"2025-03-13T11:37:14.694Z"}
{"level":"info","message":"Author added to the database!","timestamp":"2025-03-13T11:37:14.731Z","username":"Ifj. Teszt Elek"}
{"level":"info","message":"Author added to the database!","timestamp":"2025-03-13T11:37:14.740Z","username":"Id. Teszt Elek"}
{"level":"info","message":"Author added to the database!","timestamp":"2025-03-13T11:37:14.754Z","username":"Teszt Elemer"}
{"level":"info","message":"Author added to the database!","timestamp":"2025-03-13T11:37:14.765Z","username":""}
{"level":"error","message":"Error logging message: Cannot read properties of undefined (reading 'messageCreatedAt')","stack":"TypeError: Cannot read properties of undefined (reading 'messageCreatedAt')\n    at messageLoggerController (D:\\Apps\\Viktor\\sven\\src\\logger\\controller\\messageLogger.controller.ts:13:51)\n    at mockCall (file:///D:/Apps/Viktor/sven/node_modules/@vitest/spy/dist/index.js:61:17)\n    at messageLoggerController (file:///D:/Apps/Viktor/sven/node_modules/tinyspy/dist/index.js:45:80)\n    at Assertion.__VITEST_REJECTS__ (file:///D:/Apps/Viktor/sven/node_modules/@vitest/expect/dist/index.js:1948:51)\n    at Assertion.propertyGetter (file:///D:/Apps/Viktor/sven/node_modules/chai/chai.js:1486:27)\n    at Reflect.get (<anonymous>)\n    at Object.proxyGetter [as get] (file:///D:/Apps/Viktor/sven/node_modules/chai/chai.js:1577:22)\n    at D:\\Apps\\Viktor\\sven\\src\\logger\\controller\\messageLogger.controller.test.ts:102:67\n    at file:///D:/Apps/Viktor/sven/node_modules/@vitest/runner/dist/index.js:563:22","timestamp":"2025-03-13T11:37:14.775Z"}
{"level":"info","message":"Author added to the database!","timestamp":"2025-03-13T11:37:14.781Z","username":"Ifj. Teszt Elemer"}
{"level":"info","message":"Using SQLite database at: D:\\Apps\\Viktor\\sven\\src\\logger\\database\\db\\DiscordMessages.db","timestamp":"2025-03-13T11:38:50.958Z"}
{"level":"info","message":"Connected to SQLite database successfully.","timestamp":"2025-03-13T11:38:50.961Z"}
{"level":"info","message":"Author added to the database!","timestamp":"2025-03-13T11:38:50.997Z","username":"Ifj. Teszt Elek"}
{"level":"info","message":"Author added to the database!","timestamp":"2025-03-13T11:38:51.008Z","username":"Id. Teszt Elek"}
{"level":"info","message":"Author added to the database!","timestamp":"2025-03-13T11:38:51.015Z","username":"Teszt Elemer"}
{"level":"info","message":"Author added to the database!","timestamp":"2025-03-13T11:38:51.025Z","username":""}
{"level":"error","message":"Error logging message: Cannot read properties of undefined (reading 'messageCreatedAt')","stack":"TypeError: Cannot read properties of undefined (reading 'messageCreatedAt')\n    at messageLoggerController (D:\\Apps\\Viktor\\sven\\src\\logger\\controller\\messageLogger.controller.ts:13:51)\n    at mockCall (file:///D:/Apps/Viktor/sven/node_modules/@vitest/spy/dist/index.js:61:17)\n    at messageLoggerController (file:///D:/Apps/Viktor/sven/node_modules/tinyspy/dist/index.js:45:80)\n    at Assertion.__VITEST_REJECTS__ (file:///D:/Apps/Viktor/sven/node_modules/@vitest/expect/dist/index.js:1948:51)\n    at Assertion.propertyGetter (file:///D:/Apps/Viktor/sven/node_modules/chai/chai.js:1486:27)\n    at Reflect.get (<anonymous>)\n    at Object.proxyGetter [as get] (file:///D:/Apps/Viktor/sven/node_modules/chai/chai.js:1577:22)\n    at D:\\Apps\\Viktor\\sven\\src\\logger\\controller\\messageLogger.controller.test.ts:102:67\n    at file:///D:/Apps/Viktor/sven/node_modules/@vitest/runner/dist/index.js:563:22","timestamp":"2025-03-13T11:38:51.034Z"}
{"level":"info","message":"Author added to the database!","timestamp":"2025-03-13T11:38:51.040Z","username":"Ifj. Teszt Elemer"}
{"level":"info","message":"Using SQLite database at: D:\\Apps\\Viktor\\sven\\src\\logger\\database\\db\\DiscordMessages.db","timestamp":"2025-03-13T11:38:55.467Z"}
{"level":"info","message":"Connected to SQLite database successfully.","timestamp":"2025-03-13T11:38:55.470Z"}
{"level":"info","message":"Author added to the database!","timestamp":"2025-03-13T11:38:55.507Z","username":"Ifj. Teszt Elek"}
{"level":"info","message":"Author added to the database!","timestamp":"2025-03-13T11:38:55.516Z","username":"Id. Teszt Elek"}
{"level":"info","message":"Author added to the database!","timestamp":"2025-03-13T11:38:55.522Z","username":"Teszt Elemer"}
{"level":"info","message":"Author added to the database!","timestamp":"2025-03-13T11:38:55.529Z","username":""}
{"level":"error","message":"Error logging message: Cannot read properties of undefined (reading 'messageCreatedAt')","stack":"TypeError: Cannot read properties of undefined (reading 'messageCreatedAt')\n    at messageLoggerController (D:\\Apps\\Viktor\\sven\\src\\logger\\controller\\messageLogger.controller.ts:13:51)\n    at mockCall (file:///D:/Apps/Viktor/sven/node_modules/@vitest/spy/dist/index.js:61:17)\n    at messageLoggerController (file:///D:/Apps/Viktor/sven/node_modules/tinyspy/dist/index.js:45:80)\n    at Assertion.__VITEST_REJECTS__ (file:///D:/Apps/Viktor/sven/node_modules/@vitest/expect/dist/index.js:1948:51)\n    at Assertion.propertyGetter (file:///D:/Apps/Viktor/sven/node_modules/chai/chai.js:1486:27)\n    at Reflect.get (<anonymous>)\n    at Object.proxyGetter [as get] (file:///D:/Apps/Viktor/sven/node_modules/chai/chai.js:1577:22)\n    at D:\\Apps\\Viktor\\sven\\src\\logger\\controller\\messageLogger.controller.test.ts:102:67\n    at file:///D:/Apps/Viktor/sven/node_modules/@vitest/runner/dist/index.js:563:22","timestamp":"2025-03-13T11:38:55.543Z"}
{"level":"info","message":"Author added to the database!","timestamp":"2025-03-13T11:38:55.549Z","username":"Ifj. Teszt Elemer"}
{"level":"info","message":"Using SQLite database at: D:\\Apps\\Viktor\\sven\\src\\logger\\database\\db\\DiscordMessages.db","timestamp":"2025-03-13T11:39:07.125Z"}
{"level":"info","message":"Connected to SQLite database successfully.","timestamp":"2025-03-13T11:39:07.128Z"}
{"level":"info","message":"Author added to the database!","timestamp":"2025-03-13T11:39:07.164Z","username":"Ifj. Teszt Elek"}
{"level":"info","message":"Author added to the database!","timestamp":"2025-03-13T11:39:07.173Z","username":"Id. Teszt Elek"}
{"level":"info","message":"Author added to the database!","timestamp":"2025-03-13T11:39:07.179Z","username":"Teszt Elemer"}
{"level":"info","message":"Author added to the database!","timestamp":"2025-03-13T11:39:07.187Z","username":""}
{"level":"error","message":"Error logging message: Cannot read properties of undefined (reading 'messageCreatedAt')","stack":"TypeError: Cannot read properties of undefined (reading 'messageCreatedAt')\n    at messageLoggerController (D:\\Apps\\Viktor\\sven\\src\\logger\\controller\\messageLogger.controller.ts:13:51)\n    at mockCall (file:///D:/Apps/Viktor/sven/node_modules/@vitest/spy/dist/index.js:61:17)\n    at messageLoggerController (file:///D:/Apps/Viktor/sven/node_modules/tinyspy/dist/index.js:45:80)\n    at Assertion.__VITEST_REJECTS__ (file:///D:/Apps/Viktor/sven/node_modules/@vitest/expect/dist/index.js:1948:51)\n    at Assertion.propertyGetter (file:///D:/Apps/Viktor/sven/node_modules/chai/chai.js:1486:27)\n    at Reflect.get (<anonymous>)\n    at Object.proxyGetter [as get] (file:///D:/Apps/Viktor/sven/node_modules/chai/chai.js:1577:22)\n    at D:\\Apps\\Viktor\\sven\\src\\logger\\controller\\messageLogger.controller.test.ts:102:67\n    at file:///D:/Apps/Viktor/sven/node_modules/@vitest/runner/dist/index.js:563:22","timestamp":"2025-03-13T11:39:07.201Z"}
{"level":"info","message":"Author added to the database!","timestamp":"2025-03-13T11:39:07.205Z","username":"Ifj. Teszt Elemer"}
{"level":"info","message":"Using SQLite database at: D:\\Apps\\Viktor\\sven\\src\\logger\\database\\db\\DiscordMessages.db","timestamp":"2025-03-13T11:39:11.427Z"}
{"level":"info","message":"Connected to SQLite database successfully.","timestamp":"2025-03-13T11:39:11.430Z"}
{"level":"info","message":"Author added to the database!","timestamp":"2025-03-13T11:39:11.465Z","username":"Ifj. Teszt Elek"}
{"level":"info","message":"Author added to the database!","timestamp":"2025-03-13T11:39:11.473Z","username":"Id. Teszt Elek"}
{"level":"info","message":"Author added to the database!","timestamp":"2025-03-13T11:39:11.484Z","username":"Teszt Elemer"}
{"level":"info","message":"Author added to the database!","timestamp":"2025-03-13T11:39:11.492Z","username":""}
{"level":"error","message":"Error logging message: Cannot read properties of undefined (reading 'messageCreatedAt')","stack":"TypeError: Cannot read properties of undefined (reading 'messageCreatedAt')\n    at messageLoggerController (D:\\Apps\\Viktor\\sven\\src\\logger\\controller\\messageLogger.controller.ts:13:51)\n    at mockCall (file:///D:/Apps/Viktor/sven/node_modules/@vitest/spy/dist/index.js:61:17)\n    at messageLoggerController (file:///D:/Apps/Viktor/sven/node_modules/tinyspy/dist/index.js:45:80)\n    at Assertion.__VITEST_REJECTS__ (file:///D:/Apps/Viktor/sven/node_modules/@vitest/expect/dist/index.js:1948:51)\n    at Assertion.propertyGetter (file:///D:/Apps/Viktor/sven/node_modules/chai/chai.js:1486:27)\n    at Reflect.get (<anonymous>)\n    at Object.proxyGetter [as get] (file:///D:/Apps/Viktor/sven/node_modules/chai/chai.js:1577:22)\n    at D:\\Apps\\Viktor\\sven\\src\\logger\\controller\\messageLogger.controller.test.ts:102:67\n    at file:///D:/Apps/Viktor/sven/node_modules/@vitest/runner/dist/index.js:563:22","timestamp":"2025-03-13T11:39:11.501Z"}
{"level":"info","message":"Author added to the database!","timestamp":"2025-03-13T11:39:11.506Z","username":"Ifj. Teszt Elemer"}
{"level":"info","message":"Using SQLite database at: D:\\Apps\\Viktor\\sven\\src\\logger\\database\\db\\DiscordMessages.db","timestamp":"2025-03-13T11:40:03.104Z"}
{"level":"info","message":"Connected to SQLite database successfully.","timestamp":"2025-03-13T11:40:03.107Z"}
{"level":"info","message":"Author added to the database!","timestamp":"2025-03-13T11:40:03.142Z","username":"Ifj. Teszt Elek"}
{"level":"info","message":"Author added to the database!","timestamp":"2025-03-13T11:40:03.152Z","username":"Id. Teszt Elek"}
{"level":"info","message":"Author added to the database!","timestamp":"2025-03-13T11:40:03.161Z","username":"Teszt Elemer"}
{"level":"info","message":"Author added to the database!","timestamp":"2025-03-13T11:40:03.170Z","username":""}
{"level":"error","message":"Error logging message: Cannot read properties of undefined (reading 'messageCreatedAt')","stack":"TypeError: Cannot read properties of undefined (reading 'messageCreatedAt')\n    at messageLoggerController (D:\\Apps\\Viktor\\sven\\src\\logger\\controller\\messageLogger.controller.ts:13:51)\n    at mockCall (file:///D:/Apps/Viktor/sven/node_modules/@vitest/spy/dist/index.js:61:17)\n    at messageLoggerController (file:///D:/Apps/Viktor/sven/node_modules/tinyspy/dist/index.js:45:80)\n    at Assertion.__VITEST_REJECTS__ (file:///D:/Apps/Viktor/sven/node_modules/@vitest/expect/dist/index.js:1948:51)\n    at Assertion.propertyGetter (file:///D:/Apps/Viktor/sven/node_modules/chai/chai.js:1486:27)\n    at Reflect.get (<anonymous>)\n    at Object.proxyGetter [as get] (file:///D:/Apps/Viktor/sven/node_modules/chai/chai.js:1577:22)\n    at D:\\Apps\\Viktor\\sven\\src\\logger\\controller\\messageLogger.controller.test.ts:102:67\n    at file:///D:/Apps/Viktor/sven/node_modules/@vitest/runner/dist/index.js:563:22","timestamp":"2025-03-13T11:40:03.179Z"}
{"level":"info","message":"Author added to the database!","timestamp":"2025-03-13T11:40:03.184Z","username":"Ifj. Teszt Elemer"}
{"level":"info","message":"Using SQLite database at: D:\\Apps\\Viktor\\sven\\src\\logger\\database\\db\\DiscordMessages.db","timestamp":"2025-03-13T11:40:07.073Z"}
{"level":"info","message":"Connected to SQLite database successfully.","timestamp":"2025-03-13T11:40:07.076Z"}
{"level":"info","message":"Author added to the database!","timestamp":"2025-03-13T11:40:07.112Z","username":"Ifj. Teszt Elek"}
{"level":"info","message":"Author added to the database!","timestamp":"2025-03-13T11:40:07.121Z","username":"Id. Teszt Elek"}
{"level":"info","message":"Author added to the database!","timestamp":"2025-03-13T11:40:07.132Z","username":"Teszt Elemer"}
{"level":"info","message":"Author added to the database!","timestamp":"2025-03-13T11:40:07.140Z","username":""}
{"level":"error","message":"Error logging message: Cannot read properties of undefined (reading 'messageCreatedAt')","stack":"TypeError: Cannot read properties of undefined (reading 'messageCreatedAt')\n    at messageLoggerController (D:\\Apps\\Viktor\\sven\\src\\logger\\controller\\messageLogger.controller.ts:13:51)\n    at mockCall (file:///D:/Apps/Viktor/sven/node_modules/@vitest/spy/dist/index.js:61:17)\n    at messageLoggerController (file:///D:/Apps/Viktor/sven/node_modules/tinyspy/dist/index.js:45:80)\n    at Assertion.__VITEST_REJECTS__ (file:///D:/Apps/Viktor/sven/node_modules/@vitest/expect/dist/index.js:1948:51)\n    at Assertion.propertyGetter (file:///D:/Apps/Viktor/sven/node_modules/chai/chai.js:1486:27)\n    at Reflect.get (<anonymous>)\n    at Object.proxyGetter [as get] (file:///D:/Apps/Viktor/sven/node_modules/chai/chai.js:1577:22)\n    at D:\\Apps\\Viktor\\sven\\src\\logger\\controller\\messageLogger.controller.test.ts:102:67\n    at file:///D:/Apps/Viktor/sven/node_modules/@vitest/runner/dist/index.js:563:22","timestamp":"2025-03-13T11:40:07.150Z"}
{"level":"info","message":"Author added to the database!","timestamp":"2025-03-13T11:40:07.155Z","username":"Ifj. Teszt Elemer"}
{"level":"info","message":"Using SQLite database at: D:\\Apps\\Viktor\\sven\\src\\logger\\database\\db\\DiscordMessages.db","timestamp":"2025-03-13T11:41:58.268Z"}
{"level":"info","message":"Connected to SQLite database successfully.","timestamp":"2025-03-13T11:41:58.271Z"}
{"level":"info","message":"Author added to the database!","timestamp":"2025-03-13T11:41:58.307Z","username":"Ifj. Teszt Elek"}
{"level":"info","message":"Author added to the database!","timestamp":"2025-03-13T11:41:58.316Z","username":"Id. Teszt Elek"}
{"level":"info","message":"Author added to the database!","timestamp":"2025-03-13T11:41:58.322Z","username":"Teszt Elemer"}
{"level":"info","message":"Author added to the database!","timestamp":"2025-03-13T11:41:58.331Z","username":"A"}
{"level":"error","message":"Error logging message: Cannot read properties of undefined (reading 'messageCreatedAt')","stack":"TypeError: Cannot read properties of undefined (reading 'messageCreatedAt')\n    at messageLoggerController (D:\\Apps\\Viktor\\sven\\src\\logger\\controller\\messageLogger.controller.ts:13:51)\n    at mockCall (file:///D:/Apps/Viktor/sven/node_modules/@vitest/spy/dist/index.js:61:17)\n    at messageLoggerController (file:///D:/Apps/Viktor/sven/node_modules/tinyspy/dist/index.js:45:80)\n    at Assertion.__VITEST_REJECTS__ (file:///D:/Apps/Viktor/sven/node_modules/@vitest/expect/dist/index.js:1948:51)\n    at Assertion.propertyGetter (file:///D:/Apps/Viktor/sven/node_modules/chai/chai.js:1486:27)\n    at Reflect.get (<anonymous>)\n    at Object.proxyGetter [as get] (file:///D:/Apps/Viktor/sven/node_modules/chai/chai.js:1577:22)\n    at D:\\Apps\\Viktor\\sven\\src\\logger\\controller\\messageLogger.controller.test.ts:102:67\n    at file:///D:/Apps/Viktor/sven/node_modules/@vitest/runner/dist/index.js:563:22","timestamp":"2025-03-13T11:41:58.341Z"}
{"level":"info","message":"Author added to the database!","timestamp":"2025-03-13T11:41:58.346Z","username":"Ifj. Teszt Elemer"}
{"level":"info","message":"Using SQLite database at: D:\\Apps\\Viktor\\sven\\src\\logger\\database\\db\\DiscordMessages.db","timestamp":"2025-03-13T11:43:20.821Z"}
{"level":"info","message":"Connected to SQLite database successfully.","timestamp":"2025-03-13T11:43:20.824Z"}
{"level":"info","message":"Author added to the database!","timestamp":"2025-03-13T11:43:20.861Z","username":"Ifj. Teszt Elek"}
{"level":"info","message":"Author added to the database!","timestamp":"2025-03-13T11:43:20.869Z","username":"Id. Teszt Elek"}
{"level":"info","message":"Author added to the database!","timestamp":"2025-03-13T11:43:20.879Z","username":"Teszt Elemer"}
{"level":"info","message":"Author added to the database!","timestamp":"2025-03-13T11:43:20.887Z","username":"A"}
{"level":"error","message":"Error logging message: Cannot read properties of undefined (reading 'messageCreatedAt')","stack":"TypeError: Cannot read properties of undefined (reading 'messageCreatedAt')\n    at messageLoggerController (D:\\Apps\\Viktor\\sven\\src\\logger\\controller\\messageLogger.controller.ts:13:51)\n    at mockCall (file:///D:/Apps/Viktor/sven/node_modules/@vitest/spy/dist/index.js:61:17)\n    at messageLoggerController (file:///D:/Apps/Viktor/sven/node_modules/tinyspy/dist/index.js:45:80)\n    at Assertion.__VITEST_REJECTS__ (file:///D:/Apps/Viktor/sven/node_modules/@vitest/expect/dist/index.js:1948:51)\n    at Assertion.propertyGetter (file:///D:/Apps/Viktor/sven/node_modules/chai/chai.js:1486:27)\n    at Reflect.get (<anonymous>)\n    at Object.proxyGetter [as get] (file:///D:/Apps/Viktor/sven/node_modules/chai/chai.js:1577:22)\n    at D:\\Apps\\Viktor\\sven\\src\\logger\\controller\\messageLogger.controller.test.ts:102:67\n    at file:///D:/Apps/Viktor/sven/node_modules/@vitest/runner/dist/index.js:563:22","timestamp":"2025-03-13T11:43:20.900Z"}
{"level":"info","message":"Author added to the database!","timestamp":"2025-03-13T11:43:20.909Z","username":"Ifj. Teszt Elemer"}
{"level":"info","message":"Using SQLite database at: D:\\Apps\\Viktor\\sven\\src\\logger\\database\\db\\DiscordMessages.db","timestamp":"2025-03-13T11:43:23.276Z"}
{"level":"info","message":"Connected to SQLite database successfully.","timestamp":"2025-03-13T11:43:23.279Z"}
{"level":"info","message":"Author added to the database!","timestamp":"2025-03-13T11:43:23.315Z","username":"Ifj. Teszt Elek"}
{"level":"info","message":"Author added to the database!","timestamp":"2025-03-13T11:43:23.323Z","username":"Id. Teszt Elek"}
{"level":"info","message":"Author added to the database!","timestamp":"2025-03-13T11:43:23.329Z","username":"Teszt Elemer"}
{"level":"info","message":"Author added to the database!","timestamp":"2025-03-13T11:43:23.337Z","username":"A"}
{"level":"error","message":"Error logging message: Cannot read properties of undefined (reading 'messageCreatedAt')","stack":"TypeError: Cannot read properties of undefined (reading 'messageCreatedAt')\n    at messageLoggerController (D:\\Apps\\Viktor\\sven\\src\\logger\\controller\\messageLogger.controller.ts:13:51)\n    at mockCall (file:///D:/Apps/Viktor/sven/node_modules/@vitest/spy/dist/index.js:61:17)\n    at messageLoggerController (file:///D:/Apps/Viktor/sven/node_modules/tinyspy/dist/index.js:45:80)\n    at Assertion.__VITEST_REJECTS__ (file:///D:/Apps/Viktor/sven/node_modules/@vitest/expect/dist/index.js:1948:51)\n    at Assertion.propertyGetter (file:///D:/Apps/Viktor/sven/node_modules/chai/chai.js:1486:27)\n    at Reflect.get (<anonymous>)\n    at Object.proxyGetter [as get] (file:///D:/Apps/Viktor/sven/node_modules/chai/chai.js:1577:22)\n    at D:\\Apps\\Viktor\\sven\\src\\logger\\controller\\messageLogger.controller.test.ts:102:67\n    at file:///D:/Apps/Viktor/sven/node_modules/@vitest/runner/dist/index.js:563:22","timestamp":"2025-03-13T11:43:23.351Z"}
{"level":"info","message":"Author added to the database!","timestamp":"2025-03-13T11:43:23.356Z","username":"Ifj. Teszt Elemer"}
{"level":"info","message":"Using SQLite database at: D:\\Apps\\Viktor\\sven\\src\\logger\\database\\db\\DiscordMessages.db","timestamp":"2025-03-13T11:44:04.757Z"}
{"level":"info","message":"Connected to SQLite database successfully.","timestamp":"2025-03-13T11:44:04.760Z"}
{"level":"info","message":"Author added to the database!","timestamp":"2025-03-13T11:44:04.795Z","username":"Ifj. Teszt Elek"}
{"level":"info","message":"Author added to the database!","timestamp":"2025-03-13T11:44:04.804Z","username":"Id. Teszt Elek"}
{"level":"info","message":"Author added to the database!","timestamp":"2025-03-13T11:44:04.814Z","username":"Teszt Elemer"}
{"level":"info","message":"Author added to the database!","timestamp":"2025-03-13T11:44:04.822Z","username":"A"}
{"level":"error","message":"Error logging message: Cannot read properties of undefined (reading 'messageCreatedAt')","stack":"TypeError: Cannot read properties of undefined (reading 'messageCreatedAt')\n    at messageLoggerController (D:\\Apps\\Viktor\\sven\\src\\logger\\controller\\messageLogger.controller.ts:13:51)\n    at mockCall (file:///D:/Apps/Viktor/sven/node_modules/@vitest/spy/dist/index.js:61:17)\n    at messageLoggerController (file:///D:/Apps/Viktor/sven/node_modules/tinyspy/dist/index.js:45:80)\n    at Assertion.__VITEST_REJECTS__ (file:///D:/Apps/Viktor/sven/node_modules/@vitest/expect/dist/index.js:1948:51)\n    at Assertion.propertyGetter (file:///D:/Apps/Viktor/sven/node_modules/chai/chai.js:1486:27)\n    at Reflect.get (<anonymous>)\n    at Object.proxyGetter [as get] (file:///D:/Apps/Viktor/sven/node_modules/chai/chai.js:1577:22)\n    at D:\\Apps\\Viktor\\sven\\src\\logger\\controller\\messageLogger.controller.test.ts:102:73\n    at file:///D:/Apps/Viktor/sven/node_modules/@vitest/runner/dist/index.js:563:22","timestamp":"2025-03-13T11:44:04.831Z"}
{"level":"info","message":"Author added to the database!","timestamp":"2025-03-13T11:44:04.833Z","username":"Ifj. Teszt Elemer"}
{"level":"info","message":"Using SQLite database at: D:\\Apps\\Viktor\\sven\\src\\logger\\database\\db\\DiscordMessages.db","timestamp":"2025-03-13T11:44:19.880Z"}
{"level":"info","message":"Connected to SQLite database successfully.","timestamp":"2025-03-13T11:44:19.883Z"}
{"level":"info","message":"Author added to the database!","timestamp":"2025-03-13T11:44:19.919Z","username":"Ifj. Teszt Elek"}
{"level":"info","message":"Author added to the database!","timestamp":"2025-03-13T11:44:19.928Z","username":"Id. Teszt Elek"}
{"level":"info","message":"Author added to the database!","timestamp":"2025-03-13T11:44:19.938Z","username":"Teszt Elemer"}
{"level":"info","message":"Author added to the database!","timestamp":"2025-03-13T11:44:19.946Z","username":"A"}
{"level":"info","message":"Author added to the database!","timestamp":"2025-03-13T11:44:19.957Z","username":"Ifj. Teszt Elemer"}
{"level":"info","message":"Using SQLite database at: D:\\Apps\\Viktor\\sven\\src\\logger\\database\\db\\DiscordMessages.db","timestamp":"2025-03-13T11:45:21.441Z"}
{"level":"info","message":"Connected to SQLite database successfully.","timestamp":"2025-03-13T11:45:21.444Z"}
{"level":"info","message":"Author added to the database!","timestamp":"2025-03-13T11:45:21.481Z","username":"Ifj. Teszt Elek"}
{"level":"info","message":"Author added to the database!","timestamp":"2025-03-13T11:45:21.492Z","username":"Id. Teszt Elek"}
{"level":"info","message":"Author added to the database!","timestamp":"2025-03-13T11:45:21.501Z","username":"Teszt Elemer"}
{"level":"info","message":"Author added to the database!","timestamp":"2025-03-13T11:45:21.509Z","username":""}
{"level":"info","message":"Author added to the database!","timestamp":"2025-03-13T11:45:21.520Z","username":"Ifj. Teszt Elemer"}
{"level":"info","message":"Using SQLite database at: D:\\Apps\\Viktor\\sven\\src\\logger\\database\\db\\DiscordMessages.db","timestamp":"2025-03-13T11:45:27.278Z"}
{"level":"info","message":"Connected to SQLite database successfully.","timestamp":"2025-03-13T11:45:27.281Z"}
{"level":"info","message":"Author added to the database!","timestamp":"2025-03-13T11:45:27.317Z","username":"Ifj. Teszt Elek"}
{"level":"info","message":"Author added to the database!","timestamp":"2025-03-13T11:45:27.327Z","username":"Id. Teszt Elek"}
{"level":"info","message":"Author added to the database!","timestamp":"2025-03-13T11:45:27.337Z","username":"Teszt Elemer"}
{"level":"info","message":"Author added to the database!","timestamp":"2025-03-13T11:45:27.345Z","username":""}
{"level":"error","message":"Error logging message: Cannot read properties of undefined (reading 'messageCreatedAt')","stack":"TypeError: Cannot read properties of undefined (reading 'messageCreatedAt')\n    at messageLoggerController (D:\\Apps\\Viktor\\sven\\src\\logger\\controller\\messageLogger.controller.ts:13:51)\n    at mockCall (file:///D:/Apps/Viktor/sven/node_modules/@vitest/spy/dist/index.js:61:17)\n    at messageLoggerController (file:///D:/Apps/Viktor/sven/node_modules/tinyspy/dist/index.js:45:80)\n    at Assertion.__VITEST_REJECTS__ (file:///D:/Apps/Viktor/sven/node_modules/@vitest/expect/dist/index.js:1948:51)\n    at Assertion.propertyGetter (file:///D:/Apps/Viktor/sven/node_modules/chai/chai.js:1486:27)\n    at Reflect.get (<anonymous>)\n    at Object.proxyGetter [as get] (file:///D:/Apps/Viktor/sven/node_modules/chai/chai.js:1577:22)\n    at D:\\Apps\\Viktor\\sven\\src\\logger\\controller\\messageLogger.controller.test.ts:102:73\n    at file:///D:/Apps/Viktor/sven/node_modules/@vitest/runner/dist/index.js:563:22","timestamp":"2025-03-13T11:45:27.355Z"}
{"level":"info","message":"Author added to the database!","timestamp":"2025-03-13T11:45:27.357Z","username":"Ifj. Teszt Elemer"}
{"level":"info","message":"Using SQLite database at: D:\\Apps\\Viktor\\sven\\src\\logger\\database\\db\\DiscordMessages.db","timestamp":"2025-03-13T11:45:47.500Z"}
{"level":"info","message":"Connected to SQLite database successfully.","timestamp":"2025-03-13T11:45:47.503Z"}
{"level":"info","message":"Author added to the database!","timestamp":"2025-03-13T11:45:47.539Z","username":"Ifj. Teszt Elek"}
{"level":"info","message":"Author added to the database!","timestamp":"2025-03-13T11:45:47.549Z","username":"Id. Teszt Elek"}
{"level":"info","message":"Author added to the database!","timestamp":"2025-03-13T11:45:47.558Z","username":"Teszt Elemer"}
{"level":"info","message":"Author added to the database!","timestamp":"2025-03-13T11:45:47.567Z","username":""}
{"level":"error","message":"Error logging message: Cannot read properties of undefined (reading 'messageCreatedAt')","stack":"TypeError: Cannot read properties of undefined (reading 'messageCreatedAt')\n    at messageLoggerController (D:\\Apps\\Viktor\\sven\\src\\logger\\controller\\messageLogger.controller.ts:13:51)\n    at mockCall (file:///D:/Apps/Viktor/sven/node_modules/@vitest/spy/dist/index.js:61:17)\n    at messageLoggerController (file:///D:/Apps/Viktor/sven/node_modules/tinyspy/dist/index.js:45:80)\n    at Assertion.__VITEST_REJECTS__ (file:///D:/Apps/Viktor/sven/node_modules/@vitest/expect/dist/index.js:1948:51)\n    at Assertion.propertyGetter (file:///D:/Apps/Viktor/sven/node_modules/chai/chai.js:1486:27)\n    at Reflect.get (<anonymous>)\n    at Object.proxyGetter [as get] (file:///D:/Apps/Viktor/sven/node_modules/chai/chai.js:1577:22)\n    at D:\\Apps\\Viktor\\sven\\src\\logger\\controller\\messageLogger.controller.test.ts:102:73\n    at file:///D:/Apps/Viktor/sven/node_modules/@vitest/runner/dist/index.js:563:22","timestamp":"2025-03-13T11:45:47.577Z"}
{"level":"info","message":"Author added to the database!","timestamp":"2025-03-13T11:45:47.580Z","username":"Ifj. Teszt Elemer"}
{"level":"info","message":"Using SQLite database at: D:\\Apps\\Viktor\\sven\\src\\logger\\database\\db\\DiscordMessages.db","timestamp":"2025-03-13T11:48:00.506Z"}
{"level":"info","message":"Connected to SQLite database successfully.","timestamp":"2025-03-13T11:48:00.509Z"}
{"level":"info","message":"Author added to the database!","timestamp":"2025-03-13T11:48:00.545Z","username":"Ifj. Teszt Elek"}
{"level":"info","message":"Author added to the database!","timestamp":"2025-03-13T11:48:00.554Z","username":"Id. Teszt Elek"}
{"level":"info","message":"Author added to the database!","timestamp":"2025-03-13T11:48:00.560Z","username":"Teszt Elemer"}
{"level":"info","message":"Author added to the database!","timestamp":"2025-03-13T11:48:00.570Z","username":""}
{"level":"error","message":"Error logging message: Cannot read properties of undefined (reading 'messageCreatedAt')","stack":"TypeError: Cannot read properties of undefined (reading 'messageCreatedAt')\n    at messageLoggerController (D:\\Apps\\Viktor\\sven\\src\\logger\\controller\\messageLogger.controller.ts:13:51)\n    at mockCall (file:///D:/Apps/Viktor/sven/node_modules/@vitest/spy/dist/index.js:61:17)\n    at messageLoggerController (file:///D:/Apps/Viktor/sven/node_modules/tinyspy/dist/index.js:45:80)\n    at Assertion.__VITEST_REJECTS__ (file:///D:/Apps/Viktor/sven/node_modules/@vitest/expect/dist/index.js:1948:51)\n    at Assertion.propertyGetter (file:///D:/Apps/Viktor/sven/node_modules/chai/chai.js:1486:27)\n    at Reflect.get (<anonymous>)\n    at Object.proxyGetter [as get] (file:///D:/Apps/Viktor/sven/node_modules/chai/chai.js:1577:22)\n    at D:\\Apps\\Viktor\\sven\\src\\logger\\controller\\messageLogger.controller.test.ts:103:73\n    at file:///D:/Apps/Viktor/sven/node_modules/@vitest/runner/dist/index.js:563:22","timestamp":"2025-03-13T11:48:00.587Z"}
{"level":"info","message":"Author added to the database!","timestamp":"2025-03-13T11:48:00.591Z","username":"Ifj. Teszt Elemer"}
{"level":"info","message":"Using SQLite database at: D:\\Apps\\Viktor\\sven\\src\\logger\\database\\db\\DiscordMessages.db","timestamp":"2025-03-13T11:48:16.230Z"}
{"level":"info","message":"Connected to SQLite database successfully.","timestamp":"2025-03-13T11:48:16.233Z"}
{"level":"info","message":"Author added to the database!","timestamp":"2025-03-13T11:48:16.269Z","username":"Ifj. Teszt Elek"}
{"level":"info","message":"Author added to the database!","timestamp":"2025-03-13T11:48:16.277Z","username":"Id. Teszt Elek"}
{"level":"info","message":"Author added to the database!","timestamp":"2025-03-13T11:48:16.286Z","username":"Teszt Elemer"}
{"level":"info","message":"Author added to the database!","timestamp":"2025-03-13T11:48:16.295Z","username":""}
{"level":"error","message":"Error logging message: Cannot read properties of undefined (reading 'messageCreatedAt')","stack":"TypeError: Cannot read properties of undefined (reading 'messageCreatedAt')\n    at messageLoggerController (D:\\Apps\\Viktor\\sven\\src\\logger\\controller\\messageLogger.controller.ts:13:51)\n    at mockCall (file:///D:/Apps/Viktor/sven/node_modules/@vitest/spy/dist/index.js:61:17)\n    at messageLoggerController (file:///D:/Apps/Viktor/sven/node_modules/tinyspy/dist/index.js:45:80)\n    at Assertion.__VITEST_REJECTS__ (file:///D:/Apps/Viktor/sven/node_modules/@vitest/expect/dist/index.js:1948:51)\n    at Assertion.propertyGetter (file:///D:/Apps/Viktor/sven/node_modules/chai/chai.js:1486:27)\n    at Reflect.get (<anonymous>)\n    at Object.proxyGetter [as get] (file:///D:/Apps/Viktor/sven/node_modules/chai/chai.js:1577:22)\n    at D:\\Apps\\Viktor\\sven\\src\\logger\\controller\\messageLogger.controller.test.ts:103:73\n    at file:///D:/Apps/Viktor/sven/node_modules/@vitest/runner/dist/index.js:563:22","timestamp":"2025-03-13T11:48:16.305Z"}
{"level":"info","message":"Author added to the database!","timestamp":"2025-03-13T11:48:16.308Z","username":"Ifj. Teszt Elemer"}
{"level":"info","message":"Using SQLite database at: D:\\Apps\\Viktor\\sven\\src\\logger\\database\\db\\DiscordMessages.db","timestamp":"2025-03-13T11:48:22.855Z"}
{"level":"info","message":"Connected to SQLite database successfully.","timestamp":"2025-03-13T11:48:22.858Z"}
{"level":"info","message":"Author added to the database!","timestamp":"2025-03-13T11:48:22.893Z","username":"Ifj. Teszt Elek"}
{"level":"info","message":"Author added to the database!","timestamp":"2025-03-13T11:48:22.902Z","username":"Id. Teszt Elek"}
{"level":"info","message":"Author added to the database!","timestamp":"2025-03-13T11:48:22.908Z","username":"Teszt Elemer"}
{"level":"info","message":"Author added to the database!","timestamp":"2025-03-13T11:48:22.916Z","username":""}
{"level":"error","message":"Error logging message: Cannot read properties of undefined (reading 'messageCreatedAt')","stack":"TypeError: Cannot read properties of undefined (reading 'messageCreatedAt')\n    at messageLoggerController (D:\\Apps\\Viktor\\sven\\src\\logger\\controller\\messageLogger.controller.ts:13:51)\n    at mockCall (file:///D:/Apps/Viktor/sven/node_modules/@vitest/spy/dist/index.js:61:17)\n    at messageLoggerController (file:///D:/Apps/Viktor/sven/node_modules/tinyspy/dist/index.js:45:80)\n    at Assertion.__VITEST_REJECTS__ (file:///D:/Apps/Viktor/sven/node_modules/@vitest/expect/dist/index.js:1948:51)\n    at Assertion.propertyGetter (file:///D:/Apps/Viktor/sven/node_modules/chai/chai.js:1486:27)\n    at Reflect.get (<anonymous>)\n    at Object.proxyGetter [as get] (file:///D:/Apps/Viktor/sven/node_modules/chai/chai.js:1577:22)\n    at D:\\Apps\\Viktor\\sven\\src\\logger\\controller\\messageLogger.controller.test.ts:103:73\n    at file:///D:/Apps/Viktor/sven/node_modules/@vitest/runner/dist/index.js:563:22","timestamp":"2025-03-13T11:48:22.930Z"}
{"level":"info","message":"Author added to the database!","timestamp":"2025-03-13T11:48:22.933Z","username":"Ifj. Teszt Elemer"}
{"level":"info","message":"Using SQLite database at: D:\\Apps\\Viktor\\sven\\src\\logger\\database\\db\\DiscordMessages.db","timestamp":"2025-03-13T11:48:56.229Z"}
{"level":"info","message":"Connected to SQLite database successfully.","timestamp":"2025-03-13T11:48:56.231Z"}
{"level":"info","message":"Author added to the database!","timestamp":"2025-03-13T11:48:56.268Z","username":"Ifj. Teszt Elek"}
{"level":"info","message":"Author added to the database!","timestamp":"2025-03-13T11:48:56.277Z","username":"Id. Teszt Elek"}
{"level":"info","message":"Author added to the database!","timestamp":"2025-03-13T11:48:56.283Z","username":"Teszt Elemer"}
{"level":"info","message":"Author added to the database!","timestamp":"2025-03-13T11:48:56.291Z","username":""}
{"level":"error","message":"Error logging message: Cannot read properties of undefined (reading 'messageCreatedAt')","stack":"TypeError: Cannot read properties of undefined (reading 'messageCreatedAt')\n    at messageLoggerController (D:\\Apps\\Viktor\\sven\\src\\logger\\controller\\messageLogger.controller.ts:13:51)\n    at mockCall (file:///D:/Apps/Viktor/sven/node_modules/@vitest/spy/dist/index.js:61:17)\n    at messageLoggerController (file:///D:/Apps/Viktor/sven/node_modules/tinyspy/dist/index.js:45:80)\n    at Assertion.__VITEST_REJECTS__ (file:///D:/Apps/Viktor/sven/node_modules/@vitest/expect/dist/index.js:1948:51)\n    at Assertion.propertyGetter (file:///D:/Apps/Viktor/sven/node_modules/chai/chai.js:1486:27)\n    at Reflect.get (<anonymous>)\n    at Object.proxyGetter [as get] (file:///D:/Apps/Viktor/sven/node_modules/chai/chai.js:1577:22)\n    at D:\\Apps\\Viktor\\sven\\src\\logger\\controller\\messageLogger.controller.test.ts:103:73\n    at file:///D:/Apps/Viktor/sven/node_modules/@vitest/runner/dist/index.js:563:22","timestamp":"2025-03-13T11:48:56.305Z"}
{"level":"info","message":"Author added to the database!","timestamp":"2025-03-13T11:48:56.308Z","username":"Ifj. Teszt Elemer"}
{"level":"info","message":"Using SQLite database at: D:\\Apps\\Viktor\\sven\\src\\logger\\database\\db\\DiscordMessages.db","timestamp":"2025-03-13T11:49:18.118Z"}
{"level":"info","message":"Connected to SQLite database successfully.","timestamp":"2025-03-13T11:49:18.121Z"}
{"level":"info","message":"Author added to the database!","timestamp":"2025-03-13T11:49:18.156Z","username":"Ifj. Teszt Elek"}
{"level":"info","message":"Author added to the database!","timestamp":"2025-03-13T11:49:18.166Z","username":"Id. Teszt Elek"}
{"level":"info","message":"Author added to the database!","timestamp":"2025-03-13T11:49:18.176Z","username":"Teszt Elemer"}
{"level":"info","message":"Author added to the database!","timestamp":"2025-03-13T11:49:18.185Z","username":""}
{"level":"error","message":"Error logging message: Cannot read properties of undefined (reading 'messageCreatedAt')","stack":"TypeError: Cannot read properties of undefined (reading 'messageCreatedAt')\n    at messageLoggerController (D:\\Apps\\Viktor\\sven\\src\\logger\\controller\\messageLogger.controller.ts:13:51)\n    at mockCall (file:///D:/Apps/Viktor/sven/node_modules/@vitest/spy/dist/index.js:61:17)\n    at messageLoggerController (file:///D:/Apps/Viktor/sven/node_modules/tinyspy/dist/index.js:45:80)\n    at Assertion.__VITEST_REJECTS__ (file:///D:/Apps/Viktor/sven/node_modules/@vitest/expect/dist/index.js:1948:51)\n    at Assertion.propertyGetter (file:///D:/Apps/Viktor/sven/node_modules/chai/chai.js:1486:27)\n    at Reflect.get (<anonymous>)\n    at Object.proxyGetter [as get] (file:///D:/Apps/Viktor/sven/node_modules/chai/chai.js:1577:22)\n    at D:\\Apps\\Viktor\\sven\\src\\logger\\controller\\messageLogger.controller.test.ts:103:73\n    at file:///D:/Apps/Viktor/sven/node_modules/@vitest/runner/dist/index.js:563:22","timestamp":"2025-03-13T11:49:18.195Z"}
{"level":"info","message":"Author added to the database!","timestamp":"2025-03-13T11:49:18.197Z","username":"Ifj. Teszt Elemer"}
{"level":"info","message":"Using SQLite database at: D:\\Apps\\Viktor\\sven\\src\\logger\\database\\db\\DiscordMessages.db","timestamp":"2025-03-13T11:50:41.941Z"}
{"level":"info","message":"Connected to SQLite database successfully.","timestamp":"2025-03-13T11:50:41.944Z"}
{"level":"info","message":"Author added to the database!","timestamp":"2025-03-13T11:50:41.980Z","username":"Ifj. Teszt Elek"}
{"level":"info","message":"Author added to the database!","timestamp":"2025-03-13T11:50:41.989Z","username":"Id. Teszt Elek"}
{"level":"info","message":"Author added to the database!","timestamp":"2025-03-13T11:50:41.997Z","username":"Teszt Elemer"}
{"level":"info","message":"Author added to the database!","timestamp":"2025-03-13T11:50:42.006Z","username":"Ifj. Teszt Elemer"}
{"level":"info","message":"Using SQLite database at: D:\\Apps\\Viktor\\sven\\src\\logger\\database\\db\\DiscordMessages.db","timestamp":"2025-03-13T11:51:05.946Z"}
{"level":"info","message":"Connected to SQLite database successfully.","timestamp":"2025-03-13T11:51:05.949Z"}
{"level":"info","message":"Author added to the database!","timestamp":"2025-03-13T11:51:05.986Z","username":"Ifj. Teszt Elek"}
{"level":"info","message":"Author added to the database!","timestamp":"2025-03-13T11:51:05.997Z","username":"Id. Teszt Elek"}
{"level":"info","message":"Author added to the database!","timestamp":"2025-03-13T11:51:06.006Z","username":"Teszt Elemer"}
{"level":"info","message":"Author added to the database!","timestamp":"2025-03-13T11:51:06.015Z","username":"Teszt Elemer"}
{"level":"error","message":"Error logging message: Cannot read properties of undefined (reading 'messageCreatedAt')","stack":"TypeError: Cannot read properties of undefined (reading 'messageCreatedAt')\n    at messageLoggerController (D:\\Apps\\Viktor\\sven\\src\\logger\\controller\\messageLogger.controller.ts:13:51)\n    at mockCall (file:///D:/Apps/Viktor/sven/node_modules/@vitest/spy/dist/index.js:61:17)\n    at messageLoggerController (file:///D:/Apps/Viktor/sven/node_modules/tinyspy/dist/index.js:45:80)\n    at Assertion.__VITEST_REJECTS__ (file:///D:/Apps/Viktor/sven/node_modules/@vitest/expect/dist/index.js:1948:51)\n    at Assertion.propertyGetter (file:///D:/Apps/Viktor/sven/node_modules/chai/chai.js:1486:27)\n    at Reflect.get (<anonymous>)\n    at Object.proxyGetter [as get] (file:///D:/Apps/Viktor/sven/node_modules/chai/chai.js:1577:22)\n    at D:\\Apps\\Viktor\\sven\\src\\logger\\controller\\messageLogger.controller.test.ts:103:73\n    at file:///D:/Apps/Viktor/sven/node_modules/@vitest/runner/dist/index.js:563:22","timestamp":"2025-03-13T11:51:06.025Z"}
{"level":"info","message":"Author added to the database!","timestamp":"2025-03-13T11:51:06.028Z","username":"Ifj. Teszt Elemer"}
{"level":"info","message":"Using SQLite database at: D:\\Apps\\Viktor\\sven\\src\\logger\\database\\db\\DiscordMessages.db","timestamp":"2025-03-13T11:52:37.226Z"}
{"level":"info","message":"Connected to SQLite database successfully.","timestamp":"2025-03-13T11:52:37.229Z"}
{"level":"info","message":"Author added to the database!","timestamp":"2025-03-13T11:52:37.265Z","username":"Ifj. Teszt Elek"}
{"level":"info","message":"Author added to the database!","timestamp":"2025-03-13T11:52:37.273Z","username":"Id. Teszt Elek"}
{"level":"info","message":"Author added to the database!","timestamp":"2025-03-13T11:52:37.280Z","username":"Teszt Elemer"}
{"level":"info","message":"Author added to the database!","timestamp":"2025-03-13T11:52:37.289Z","username":"Teszt Elemer"}
{"level":"error","message":"Error logging message: Cannot read properties of undefined (reading 'messageCreatedAt')","stack":"TypeError: Cannot read properties of undefined (reading 'messageCreatedAt')\n    at messageLoggerController (D:\\Apps\\Viktor\\sven\\src\\logger\\controller\\messageLogger.controller.ts:13:51)\n    at mockCall (file:///D:/Apps/Viktor/sven/node_modules/@vitest/spy/dist/index.js:61:17)\n    at messageLoggerController (file:///D:/Apps/Viktor/sven/node_modules/tinyspy/dist/index.js:45:80)\n    at Assertion.__VITEST_REJECTS__ (file:///D:/Apps/Viktor/sven/node_modules/@vitest/expect/dist/index.js:1948:51)\n    at Assertion.propertyGetter (file:///D:/Apps/Viktor/sven/node_modules/chai/chai.js:1486:27)\n    at Reflect.get (<anonymous>)\n    at Object.proxyGetter [as get] (file:///D:/Apps/Viktor/sven/node_modules/chai/chai.js:1577:22)\n    at D:\\Apps\\Viktor\\sven\\src\\logger\\controller\\messageLogger.controller.test.ts:105:73\n    at file:///D:/Apps/Viktor/sven/node_modules/@vitest/runner/dist/index.js:563:22","timestamp":"2025-03-13T11:52:37.302Z"}
{"level":"info","message":"Author added to the database!","timestamp":"2025-03-13T11:52:37.305Z","username":"Ifj. Teszt Elemer"}
{"level":"info","message":"Using SQLite database at: D:\\Apps\\Viktor\\sven\\src\\logger\\database\\db\\DiscordMessages.db","timestamp":"2025-03-13T12:10:00.789Z"}
{"level":"info","message":"Connected to SQLite database successfully.","timestamp":"2025-03-13T12:10:00.792Z"}
{"level":"info","message":"Author added to the database!","timestamp":"2025-03-13T12:10:00.829Z","username":"Ifj. Teszt Elek"}
{"level":"info","message":"Author added to the database!","timestamp":"2025-03-13T12:10:00.839Z","username":"Id. Teszt Elek"}
{"level":"info","message":"Author added to the database!","timestamp":"2025-03-13T12:10:00.849Z","username":"Teszt Elemer"}
{"level":"error","message":"Error logging message: DB error","stack":"Error: DB error\n    at D:\\Apps\\Viktor\\sven\\src\\logger\\controller\\messageLogger.controller.test.ts:109:72\n    at file:///D:/Apps/Viktor/sven/node_modules/@vitest/runner/dist/index.js:174:14\n    at file:///D:/Apps/Viktor/sven/node_modules/@vitest/runner/dist/index.js:563:28\n    at file:///D:/Apps/Viktor/sven/node_modules/@vitest/runner/dist/index.js:61:24\n    at new Promise (<anonymous>)\n    at runWithTimeout (file:///D:/Apps/Viktor/sven/node_modules/@vitest/runner/dist/index.js:41:12)\n    at runTest (file:///D:/Apps/Viktor/sven/node_modules/@vitest/runner/dist/index.js:1149:17)\n    at runSuite (file:///D:/Apps/Viktor/sven/node_modules/@vitest/runner/dist/index.js:1303:15)\n    at runSuite (file:///D:/Apps/Viktor/sven/node_modules/@vitest/runner/dist/index.js:1303:15)\n    at runSuite (file:///D:/Apps/Viktor/sven/node_modules/@vitest/runner/dist/index.js:1303:15)","timestamp":"2025-03-13T12:10:00.861Z"}
{"level":"info","message":"Author added to the database!","timestamp":"2025-03-13T12:10:00.864Z","username":"Ifj. Teszt Elemer"}
{"level":"info","message":"Using SQLite database at: D:\\Apps\\Viktor\\sven\\src\\logger\\database\\db\\DiscordMessages.db","timestamp":"2025-03-13T12:10:33.389Z"}
{"level":"info","message":"Using SQLite database at: D:\\Apps\\Viktor\\sven\\src\\logger\\database\\db\\DiscordMessages.db","timestamp":"2025-03-13T12:10:33.391Z"}
{"level":"info","message":"Connected to SQLite database successfully.","timestamp":"2025-03-13T12:10:33.392Z"}
{"level":"info","message":"Using SQLite database at: D:\\Apps\\Viktor\\sven\\src\\logger\\database\\db\\DiscordMessages.db","timestamp":"2025-03-13T12:10:33.392Z"}
{"level":"info","message":"Connected to SQLite database successfully.","timestamp":"2025-03-13T12:10:33.394Z"}
{"level":"info","message":"Using SQLite database at: D:\\Apps\\Viktor\\sven\\src\\logger\\database\\db\\DiscordMessages.db","timestamp":"2025-03-13T12:10:33.394Z"}
{"level":"info","message":"Connected to SQLite database successfully.","timestamp":"2025-03-13T12:10:33.396Z"}
{"level":"info","message":"Connected to SQLite database successfully.","timestamp":"2025-03-13T12:10:33.398Z"}
{"level":"info","message":"Author added to the database!","timestamp":"2025-03-13T12:10:33.430Z","username":"Ifj. Teszt Elek"}
{"level":"info","message":"Author added to the database!","timestamp":"2025-03-13T12:10:33.442Z","username":"Id. Teszt Elek"}
{"level":"info","message":"Author added to the database!","timestamp":"2025-03-13T12:10:33.453Z","username":"Teszt Elemer"}
{"level":"error","message":"Error logging message: DB error","stack":"Error: DB error\n    at D:\\Apps\\Viktor\\sven\\src\\logger\\controller\\messageLogger.controller.test.ts:109:72\n    at file:///D:/Apps/Viktor/sven/node_modules/@vitest/runner/dist/index.js:174:14\n    at file:///D:/Apps/Viktor/sven/node_modules/@vitest/runner/dist/index.js:563:28\n    at file:///D:/Apps/Viktor/sven/node_modules/@vitest/runner/dist/index.js:61:24\n    at new Promise (<anonymous>)\n    at runWithTimeout (file:///D:/Apps/Viktor/sven/node_modules/@vitest/runner/dist/index.js:41:12)\n    at runTest (file:///D:/Apps/Viktor/sven/node_modules/@vitest/runner/dist/index.js:1149:17)\n    at runSuite (file:///D:/Apps/Viktor/sven/node_modules/@vitest/runner/dist/index.js:1303:15)\n    at runSuite (file:///D:/Apps/Viktor/sven/node_modules/@vitest/runner/dist/index.js:1303:15)\n    at runSuite (file:///D:/Apps/Viktor/sven/node_modules/@vitest/runner/dist/index.js:1303:15)","timestamp":"2025-03-13T12:10:33.467Z"}
{"level":"info","message":"Author added to the database!","timestamp":"2025-03-13T12:10:33.471Z","username":"Ifj. Teszt Elemer"}
{"level":"info","message":"Using SQLite database at: D:\\Apps\\Viktor\\sven\\src\\logger\\database\\db\\DiscordMessages.db","timestamp":"2025-03-13T12:11:10.226Z"}
{"level":"info","message":"Connected to SQLite database successfully.","timestamp":"2025-03-13T12:11:10.228Z"}
{"level":"info","message":"Author added to the database!","timestamp":"2025-03-13T12:11:10.266Z","username":"Ifj. Teszt Elek"}
{"level":"info","message":"Author added to the database!","timestamp":"2025-03-13T12:11:10.274Z","username":"Id. Teszt Elek"}
{"level":"info","message":"Author added to the database!","timestamp":"2025-03-13T12:11:10.280Z","username":"Teszt Elemer"}
{"level":"info","message":"Author added to the database!","timestamp":"2025-03-13T12:11:10.288Z","username":""}
{"level":"error","message":"Error logging message: Cannot read properties of undefined (reading 'messageCreatedAt')","stack":"TypeError: Cannot read properties of undefined (reading 'messageCreatedAt')\n    at messageLoggerController (D:\\Apps\\Viktor\\sven\\src\\logger\\controller\\messageLogger.controller.ts:13:51)\n    at mockCall (file:///D:/Apps/Viktor/sven/node_modules/@vitest/spy/dist/index.js:61:17)\n    at messageLoggerController (file:///D:/Apps/Viktor/sven/node_modules/tinyspy/dist/index.js:45:80)\n    at Assertion.__VITEST_REJECTS__ (file:///D:/Apps/Viktor/sven/node_modules/@vitest/expect/dist/index.js:1948:51)\n    at Assertion.propertyGetter (file:///D:/Apps/Viktor/sven/node_modules/chai/chai.js:1486:27)\n    at Reflect.get (<anonymous>)\n    at Object.proxyGetter [as get] (file:///D:/Apps/Viktor/sven/node_modules/chai/chai.js:1577:22)\n    at D:\\Apps\\Viktor\\sven\\src\\logger\\controller\\messageLogger.controller.test.ts:102:73\n    at file:///D:/Apps/Viktor/sven/node_modules/@vitest/runner/dist/index.js:563:22","timestamp":"2025-03-13T12:11:10.297Z"}
{"level":"info","message":"Author added to the database!","timestamp":"2025-03-13T12:11:10.302Z","username":"Ifj. Teszt Elemer"}
{"level":"info","message":"Using SQLite database at: D:\\Apps\\Viktor\\sven\\src\\logger\\database\\db\\DiscordMessages.db","timestamp":"2025-03-13T12:18:52.442Z"}
{"level":"info","message":"Connected to SQLite database successfully.","timestamp":"2025-03-13T12:18:52.445Z"}
{"level":"info","message":"Author added to the database!","timestamp":"2025-03-13T12:18:52.480Z","username":"Ifj. Teszt Elek"}
{"level":"info","message":"Author added to the database!","timestamp":"2025-03-13T12:18:52.490Z","username":"Id. Teszt Elek"}
{"level":"info","message":"Author added to the database!","timestamp":"2025-03-13T12:18:52.496Z","username":"Teszt Elemer"}
{"level":"info","message":"Author added to the database!","timestamp":"2025-03-13T12:18:52.504Z","username":""}
{"level":"info","message":"Author added to the database!","timestamp":"2025-03-13T12:18:52.521Z","username":"Ifj. Teszt Elemer"}
{"level":"info","message":"Using SQLite database at: D:\\Apps\\Viktor\\sven\\src\\logger\\database\\db\\DiscordMessages.db","timestamp":"2025-03-13T12:19:17.937Z"}
{"level":"info","message":"Connected to SQLite database successfully.","timestamp":"2025-03-13T12:19:17.939Z"}
{"level":"info","message":"Author added to the database!","timestamp":"2025-03-13T12:19:17.975Z","username":"Ifj. Teszt Elek"}
{"level":"info","message":"Author added to the database!","timestamp":"2025-03-13T12:19:17.986Z","username":"Id. Teszt Elek"}
{"level":"info","message":"Author added to the database!","timestamp":"2025-03-13T12:19:17.994Z","username":"Teszt Elemer"}
{"level":"info","message":"Author added to the database!","timestamp":"2025-03-13T12:19:18.002Z","username":""}
{"level":"info","message":"Author added to the database!","timestamp":"2025-03-13T12:19:18.015Z","username":"Ifj. Teszt Elemer"}
{"level":"info","message":"Using SQLite database at: D:\\Apps\\Viktor\\sven\\src\\logger\\database\\db\\DiscordMessages.db","timestamp":"2025-03-13T12:19:41.341Z"}
{"level":"info","message":"Connected to SQLite database successfully.","timestamp":"2025-03-13T12:19:41.344Z"}
{"level":"info","message":"Author added to the database!","timestamp":"2025-03-13T12:19:41.380Z","username":"Ifj. Teszt Elek"}
{"level":"info","message":"Author added to the database!","timestamp":"2025-03-13T12:19:41.390Z","username":"Id. Teszt Elek"}
{"level":"info","message":"Author added to the database!","timestamp":"2025-03-13T12:19:41.395Z","username":"Teszt Elemer"}
{"level":"info","message":"Author added to the database!","timestamp":"2025-03-13T12:19:41.405Z","username":""}
{"level":"info","message":"Author added to the database!","timestamp":"2025-03-13T12:19:41.422Z","username":"Ifj. Teszt Elemer"}
{"level":"info","message":"Using SQLite database at: D:\\Apps\\Viktor\\sven\\src\\logger\\database\\db\\DiscordMessages.db","timestamp":"2025-03-13T12:20:12.275Z"}
{"level":"info","message":"Connected to SQLite database successfully.","timestamp":"2025-03-13T12:20:12.277Z"}
{"level":"info","message":"Author added to the database!","timestamp":"2025-03-13T12:20:12.313Z","username":"Ifj. Teszt Elek"}
{"level":"info","message":"Author added to the database!","timestamp":"2025-03-13T12:20:12.322Z","username":"Id. Teszt Elek"}
{"level":"info","message":"Author added to the database!","timestamp":"2025-03-13T12:20:12.332Z","username":"Teszt Elemer"}
{"level":"info","message":"Author added to the database!","timestamp":"2025-03-13T12:20:12.340Z","username":""}
{"level":"info","message":"Author added to the database!","timestamp":"2025-03-13T12:20:12.346Z","username":"Ifj. Teszt Elemer"}
{"level":"info","message":"Using SQLite database at: D:\\Apps\\Viktor\\sven\\src\\logger\\database\\db\\DiscordMessages.db","timestamp":"2025-03-13T12:20:48.727Z"}
{"level":"info","message":"Connected to SQLite database successfully.","timestamp":"2025-03-13T12:20:48.730Z"}
{"level":"info","message":"Author added to the database!","timestamp":"2025-03-13T12:20:48.767Z","username":"Ifj. Teszt Elek"}
{"level":"info","message":"Author added to the database!","timestamp":"2025-03-13T12:20:48.777Z","username":"Id. Teszt Elek"}
{"level":"info","message":"Author added to the database!","timestamp":"2025-03-13T12:20:48.782Z","username":"Teszt Elemer"}
{"level":"info","message":"Author added to the database!","timestamp":"2025-03-13T12:20:48.792Z","username":""}
{"level":"info","message":"Author added to the database!","timestamp":"2025-03-13T12:20:48.807Z","username":"Ifj. Teszt Elemer"}
{"level":"info","message":"Using SQLite database at: D:\\Apps\\Viktor\\sven\\src\\logger\\database\\db\\DiscordMessages.db","timestamp":"2025-03-13T12:21:13.379Z"}
{"level":"info","message":"Connected to SQLite database successfully.","timestamp":"2025-03-13T12:21:13.383Z"}
{"level":"info","message":"Author added to the database!","timestamp":"2025-03-13T12:21:13.420Z","username":"Ifj. Teszt Elek"}
{"level":"info","message":"Author added to the database!","timestamp":"2025-03-13T12:21:13.430Z","username":"Id. Teszt Elek"}
{"level":"info","message":"Author added to the database!","timestamp":"2025-03-13T12:21:13.436Z","username":"Teszt Elemer"}
{"level":"info","message":"Author added to the database!","timestamp":"2025-03-13T12:21:13.446Z","username":""}
{"level":"info","message":"Author added to the database!","timestamp":"2025-03-13T12:21:13.461Z","username":"Ifj. Teszt Elemer"}
{"level":"info","message":"Using SQLite database at: D:\\Apps\\Viktor\\sven\\src\\logger\\database\\db\\DiscordMessages.db","timestamp":"2025-03-13T12:21:45.302Z"}
{"level":"info","message":"Connected to SQLite database successfully.","timestamp":"2025-03-13T12:21:45.305Z"}
{"level":"info","message":"Author added to the database!","timestamp":"2025-03-13T12:21:45.340Z","username":"Ifj. Teszt Elek"}
{"level":"info","message":"Author added to the database!","timestamp":"2025-03-13T12:21:45.351Z","username":"Id. Teszt Elek"}
{"level":"info","message":"Author added to the database!","timestamp":"2025-03-13T12:21:45.360Z","username":"Teszt Elemer"}
{"level":"info","message":"Author added to the database!","timestamp":"2025-03-13T12:21:45.368Z","username":""}
{"level":"info","message":"Author added to the database!","timestamp":"2025-03-13T12:21:45.381Z","username":"Ifj. Teszt Elemer"}
{"level":"info","message":"Using SQLite database at: D:\\Apps\\Viktor\\sven\\src\\logger\\database\\db\\DiscordMessages.db","timestamp":"2025-03-13T12:22:07.214Z"}
{"level":"info","message":"Connected to SQLite database successfully.","timestamp":"2025-03-13T12:22:07.217Z"}
{"level":"info","message":"Author added to the database!","timestamp":"2025-03-13T12:22:07.253Z","username":"Ifj. Teszt Elek"}
{"level":"info","message":"Author added to the database!","timestamp":"2025-03-13T12:22:07.263Z","username":"Id. Teszt Elek"}
{"level":"info","message":"Author added to the database!","timestamp":"2025-03-13T12:22:07.270Z","username":"Teszt Elemer"}
{"level":"info","message":"Author added to the database!","timestamp":"2025-03-13T12:22:07.278Z","username":""}
{"level":"info","message":"Author added to the database!","timestamp":"2025-03-13T12:22:07.295Z","username":"Ifj. Teszt Elemer"}
{"level":"info","message":"Using SQLite database at: D:\\Apps\\Viktor\\sven\\src\\logger\\database\\db\\DiscordMessages.db","timestamp":"2025-03-13T12:22:19.471Z"}
{"level":"info","message":"Connected to SQLite database successfully.","timestamp":"2025-03-13T12:22:19.474Z"}
{"level":"info","message":"Author added to the database!","timestamp":"2025-03-13T12:22:19.510Z","username":"Ifj. Teszt Elek"}
{"level":"info","message":"Author added to the database!","timestamp":"2025-03-13T12:22:19.519Z","username":"Id. Teszt Elek"}
{"level":"info","message":"Author added to the database!","timestamp":"2025-03-13T12:22:19.525Z","username":"Teszt Elemer"}
{"level":"info","message":"Author added to the database!","timestamp":"2025-03-13T12:22:19.533Z","username":""}
{"level":"info","message":"Author added to the database!","timestamp":"2025-03-13T12:22:19.550Z","username":"Ifj. Teszt Elemer"}
{"level":"info","message":"Using SQLite database at: D:\\Apps\\Viktor\\sven\\src\\logger\\database\\db\\DiscordMessages.db","timestamp":"2025-03-13T12:22:37.012Z"}
{"level":"info","message":"Connected to SQLite database successfully.","timestamp":"2025-03-13T12:22:37.015Z"}
{"level":"info","message":"Author added to the database!","timestamp":"2025-03-13T12:22:37.051Z","username":"Ifj. Teszt Elek"}
{"level":"info","message":"Author added to the database!","timestamp":"2025-03-13T12:22:37.061Z","username":"Id. Teszt Elek"}
{"level":"info","message":"Author added to the database!","timestamp":"2025-03-13T12:22:37.067Z","username":"Teszt Elemer"}
{"level":"info","message":"Author added to the database!","timestamp":"2025-03-13T12:22:37.076Z","username":""}
{"level":"info","message":"Author added to the database!","timestamp":"2025-03-13T12:22:37.093Z","username":"Ifj. Teszt Elemer"}
{"level":"info","message":"Using SQLite database at: D:\\Apps\\Viktor\\sven\\src\\logger\\database\\db\\DiscordMessages.db","timestamp":"2025-03-13T12:22:41.418Z"}
{"level":"info","message":"Connected to SQLite database successfully.","timestamp":"2025-03-13T12:22:41.421Z"}
{"level":"info","message":"Author added to the database!","timestamp":"2025-03-13T12:22:41.457Z","username":"Ifj. Teszt Elek"}
{"level":"info","message":"Author added to the database!","timestamp":"2025-03-13T12:22:41.467Z","username":"Id. Teszt Elek"}
{"level":"info","message":"Author added to the database!","timestamp":"2025-03-13T12:22:41.473Z","username":"Teszt Elemer"}
{"level":"info","message":"Author added to the database!","timestamp":"2025-03-13T12:22:41.481Z","username":""}
{"level":"info","message":"Author added to the database!","timestamp":"2025-03-13T12:22:41.498Z","username":"Ifj. Teszt Elemer"}
{"level":"info","message":"Using SQLite database at: D:\\Apps\\Viktor\\sven\\src\\logger\\database\\db\\DiscordMessages.db","timestamp":"2025-03-13T12:26:00.566Z"}
{"level":"info","message":"Connected to SQLite database successfully.","timestamp":"2025-03-13T12:26:00.569Z"}
{"level":"info","message":"Author added to the database!","timestamp":"2025-03-13T12:26:00.603Z","username":"Ifj. Teszt Elek"}
{"level":"info","message":"Author added to the database!","timestamp":"2025-03-13T12:26:00.612Z","username":"Id. Teszt Elek"}
{"level":"info","message":"Author added to the database!","timestamp":"2025-03-13T12:26:00.622Z","username":"Teszt Elemer"}
{"level":"info","message":"Author added to the database!","timestamp":"2025-03-13T12:26:00.631Z","username":""}
{"level":"info","message":"Author added to the database!","timestamp":"2025-03-13T12:26:00.644Z","username":"Ifj. Teszt Elemer"}
{"level":"info","message":"Using SQLite database at: D:\\Apps\\Viktor\\sven\\src\\logger\\database\\db\\DiscordMessages.db","timestamp":"2025-03-13T12:26:31.880Z"}
{"level":"info","message":"Connected to SQLite database successfully.","timestamp":"2025-03-13T12:26:31.882Z"}
{"level":"info","message":"Author added to the database!","timestamp":"2025-03-13T12:26:31.918Z","username":"Ifj. Teszt Elek"}
{"level":"info","message":"Author added to the database!","timestamp":"2025-03-13T12:26:31.927Z","username":"Id. Teszt Elek"}
{"level":"info","message":"Author added to the database!","timestamp":"2025-03-13T12:26:31.936Z","username":"Teszt Elemer"}
{"level":"error","message":"Error logging message: Database error","stack":"Error: Database error\n    at D:\\Apps\\Viktor\\sven\\src\\logger\\controller\\messageLogger.controller.test.ts:96:72\n    at file:///D:/Apps/Viktor/sven/node_modules/@vitest/runner/dist/index.js:174:14\n    at file:///D:/Apps/Viktor/sven/node_modules/@vitest/runner/dist/index.js:563:28\n    at file:///D:/Apps/Viktor/sven/node_modules/@vitest/runner/dist/index.js:61:24\n    at new Promise (<anonymous>)\n    at runWithTimeout (file:///D:/Apps/Viktor/sven/node_modules/@vitest/runner/dist/index.js:41:12)\n    at runTest (file:///D:/Apps/Viktor/sven/node_modules/@vitest/runner/dist/index.js:1149:17)\n    at runSuite (file:///D:/Apps/Viktor/sven/node_modules/@vitest/runner/dist/index.js:1303:15)\n    at runSuite (file:///D:/Apps/Viktor/sven/node_modules/@vitest/runner/dist/index.js:1303:15)\n    at runSuite (file:///D:/Apps/Viktor/sven/node_modules/@vitest/runner/dist/index.js:1303:15)","timestamp":"2025-03-13T12:26:31.949Z"}
{"level":"info","message":"Author added to the database!","timestamp":"2025-03-13T12:26:31.952Z","username":"Ifj. Teszt Elemer"}
{"level":"info","message":"Using SQLite database at: D:\\Apps\\Viktor\\sven\\src\\logger\\database\\db\\DiscordMessages.db","timestamp":"2025-03-13T12:26:35.723Z"}
{"level":"info","message":"Connected to SQLite database successfully.","timestamp":"2025-03-13T12:26:35.726Z"}
{"level":"info","message":"Author added to the database!","timestamp":"2025-03-13T12:26:35.761Z","username":"Ifj. Teszt Elek"}
{"level":"info","message":"Author added to the database!","timestamp":"2025-03-13T12:26:35.771Z","username":"Id. Teszt Elek"}
{"level":"info","message":"Author added to the database!","timestamp":"2025-03-13T12:26:35.776Z","username":"Teszt Elemer"}
{"level":"error","message":"Error logging message: Database error","stack":"Error: Database error\n    at D:\\Apps\\Viktor\\sven\\src\\logger\\controller\\messageLogger.controller.test.ts:96:72\n    at file:///D:/Apps/Viktor/sven/node_modules/@vitest/runner/dist/index.js:174:14\n    at file:///D:/Apps/Viktor/sven/node_modules/@vitest/runner/dist/index.js:563:28\n    at file:///D:/Apps/Viktor/sven/node_modules/@vitest/runner/dist/index.js:61:24\n    at new Promise (<anonymous>)\n    at runWithTimeout (file:///D:/Apps/Viktor/sven/node_modules/@vitest/runner/dist/index.js:41:12)\n    at runTest (file:///D:/Apps/Viktor/sven/node_modules/@vitest/runner/dist/index.js:1149:17)\n    at runSuite (file:///D:/Apps/Viktor/sven/node_modules/@vitest/runner/dist/index.js:1303:15)\n    at runSuite (file:///D:/Apps/Viktor/sven/node_modules/@vitest/runner/dist/index.js:1303:15)\n    at runSuite (file:///D:/Apps/Viktor/sven/node_modules/@vitest/runner/dist/index.js:1303:15)","timestamp":"2025-03-13T12:26:35.790Z"}
{"level":"info","message":"Author added to the database!","timestamp":"2025-03-13T12:26:35.795Z","username":"Ifj. Teszt Elemer"}
{"level":"info","message":"Using SQLite database at: D:\\Apps\\Viktor\\sven\\src\\logger\\database\\db\\DiscordMessages.db","timestamp":"2025-03-13T12:27:29.514Z"}
{"level":"info","message":"Connected to SQLite database successfully.","timestamp":"2025-03-13T12:27:29.516Z"}
{"level":"info","message":"Author added to the database!","timestamp":"2025-03-13T12:27:29.552Z","username":"Ifj. Teszt Elek"}
{"level":"info","message":"Author added to the database!","timestamp":"2025-03-13T12:27:29.560Z","username":"Id. Teszt Elek"}
{"level":"info","message":"Author added to the database!","timestamp":"2025-03-13T12:27:29.570Z","username":"Teszt Elemer"}
{"level":"error","message":"Error logging message: Username is empty!","stack":"Error: Username is empty!\n    at D:\\Apps\\Viktor\\sven\\src\\logger\\controller\\messageLogger.controller.test.ts:96:72\n    at file:///D:/Apps/Viktor/sven/node_modules/@vitest/runner/dist/index.js:174:14\n    at file:///D:/Apps/Viktor/sven/node_modules/@vitest/runner/dist/index.js:563:28\n    at file:///D:/Apps/Viktor/sven/node_modules/@vitest/runner/dist/index.js:61:24\n    at new Promise (<anonymous>)\n    at runWithTimeout (file:///D:/Apps/Viktor/sven/node_modules/@vitest/runner/dist/index.js:41:12)\n    at runTest (file:///D:/Apps/Viktor/sven/node_modules/@vitest/runner/dist/index.js:1149:17)\n    at runSuite (file:///D:/Apps/Viktor/sven/node_modules/@vitest/runner/dist/index.js:1303:15)\n    at runSuite (file:///D:/Apps/Viktor/sven/node_modules/@vitest/runner/dist/index.js:1303:15)\n    at runSuite (file:///D:/Apps/Viktor/sven/node_modules/@vitest/runner/dist/index.js:1303:15)","timestamp":"2025-03-13T12:27:29.582Z"}
{"level":"info","message":"Author added to the database!","timestamp":"2025-03-13T12:27:29.585Z","username":"Ifj. Teszt Elemer"}
{"level":"info","message":"Using SQLite database at: D:\\Apps\\Viktor\\sven\\src\\logger\\database\\db\\DiscordMessages.db","timestamp":"2025-03-13T12:34:40.538Z"}
{"level":"info","message":"Connected to SQLite database successfully.","timestamp":"2025-03-13T12:34:40.541Z"}
{"level":"info","message":"Author added to the database!","timestamp":"2025-03-13T12:34:40.576Z","username":"Ifj. Teszt Elek"}
{"level":"info","message":"Author added to the database!","timestamp":"2025-03-13T12:34:40.586Z","username":"Id. Teszt Elek"}
{"level":"info","message":"Author added to the database!","timestamp":"2025-03-13T12:34:40.596Z","username":"Teszt Elemer"}
{"level":"info","message":"Author added to the database!","timestamp":"2025-03-13T12:34:40.606Z","username":"Ifj. Teszt Elemer"}
{"level":"info","message":"Using SQLite database at: D:\\Apps\\Viktor\\sven\\src\\logger\\database\\db\\DiscordMessages.db","timestamp":"2025-03-13T12:34:50.420Z"}
{"level":"info","message":"Connected to SQLite database successfully.","timestamp":"2025-03-13T12:34:50.422Z"}
{"level":"info","message":"Author added to the database!","timestamp":"2025-03-13T12:34:50.458Z","username":"Ifj. Teszt Elek"}
{"level":"info","message":"Author added to the database!","timestamp":"2025-03-13T12:34:50.468Z","username":"Id. Teszt Elek"}
{"level":"info","message":"Author added to the database!","timestamp":"2025-03-13T12:34:50.475Z","username":"Teszt Elemer"}
{"level":"error","message":"Error logging message: Username is empty!","stack":"Error: Username is empty!\n    at D:\\Apps\\Viktor\\sven\\src\\logger\\controller\\messageLogger.controller.test.ts:96:72\n    at file:///D:/Apps/Viktor/sven/node_modules/@vitest/runner/dist/index.js:174:14\n    at file:///D:/Apps/Viktor/sven/node_modules/@vitest/runner/dist/index.js:563:28\n    at file:///D:/Apps/Viktor/sven/node_modules/@vitest/runner/dist/index.js:61:24\n    at new Promise (<anonymous>)\n    at runWithTimeout (file:///D:/Apps/Viktor/sven/node_modules/@vitest/runner/dist/index.js:41:12)\n    at runTest (file:///D:/Apps/Viktor/sven/node_modules/@vitest/runner/dist/index.js:1149:17)\n    at runSuite (file:///D:/Apps/Viktor/sven/node_modules/@vitest/runner/dist/index.js:1303:15)\n    at runSuite (file:///D:/Apps/Viktor/sven/node_modules/@vitest/runner/dist/index.js:1303:15)\n    at runSuite (file:///D:/Apps/Viktor/sven/node_modules/@vitest/runner/dist/index.js:1303:15)","timestamp":"2025-03-13T12:34:50.489Z"}
{"level":"info","message":"Author added to the database!","timestamp":"2025-03-13T12:34:50.492Z","username":"Ifj. Teszt Elemer"}
{"level":"info","message":"Using SQLite database at: D:\\Apps\\Viktor\\sven\\src\\logger\\database\\db\\DiscordMessages.db","timestamp":"2025-03-13T12:34:55.320Z"}
{"level":"info","message":"Connected to SQLite database successfully.","timestamp":"2025-03-13T12:34:55.323Z"}
{"level":"info","message":"Author added to the database!","timestamp":"2025-03-13T12:34:55.358Z","username":"Ifj. Teszt Elek"}
{"level":"info","message":"Author added to the database!","timestamp":"2025-03-13T12:34:55.368Z","username":"Id. Teszt Elek"}
{"level":"info","message":"Author added to the database!","timestamp":"2025-03-13T12:34:55.377Z","username":"Teszt Elemer"}
{"level":"error","message":"Error logging message: Username is empty!","stack":"Error: Username is empty!\n    at D:\\Apps\\Viktor\\sven\\src\\logger\\controller\\messageLogger.controller.test.ts:96:72\n    at file:///D:/Apps/Viktor/sven/node_modules/@vitest/runner/dist/index.js:174:14\n    at file:///D:/Apps/Viktor/sven/node_modules/@vitest/runner/dist/index.js:563:28\n    at file:///D:/Apps/Viktor/sven/node_modules/@vitest/runner/dist/index.js:61:24\n    at new Promise (<anonymous>)\n    at runWithTimeout (file:///D:/Apps/Viktor/sven/node_modules/@vitest/runner/dist/index.js:41:12)\n    at runTest (file:///D:/Apps/Viktor/sven/node_modules/@vitest/runner/dist/index.js:1149:17)\n    at runSuite (file:///D:/Apps/Viktor/sven/node_modules/@vitest/runner/dist/index.js:1303:15)\n    at runSuite (file:///D:/Apps/Viktor/sven/node_modules/@vitest/runner/dist/index.js:1303:15)\n    at runSuite (file:///D:/Apps/Viktor/sven/node_modules/@vitest/runner/dist/index.js:1303:15)","timestamp":"2025-03-13T12:34:55.389Z"}
{"level":"info","message":"Author added to the database!","timestamp":"2025-03-13T12:34:55.392Z","username":"Ifj. Teszt Elemer"}
{"level":"info","message":"Using SQLite database at: D:\\Apps\\Viktor\\sven\\src\\logger\\database\\db\\DiscordMessages.db","timestamp":"2025-03-13T12:34:57.064Z"}
{"level":"info","message":"Connected to SQLite database successfully.","timestamp":"2025-03-13T12:34:57.067Z"}
{"level":"info","message":"Author added to the database!","timestamp":"2025-03-13T12:34:57.102Z","username":"Ifj. Teszt Elek"}
{"level":"info","message":"Author added to the database!","timestamp":"2025-03-13T12:34:57.111Z","username":"Id. Teszt Elek"}
{"level":"info","message":"Author added to the database!","timestamp":"2025-03-13T12:34:57.117Z","username":"Teszt Elemer"}
{"level":"info","message":"Author added to the database!","timestamp":"2025-03-13T12:34:57.127Z","username":"Ifj. Teszt Elemer"}
{"level":"info","message":"Using SQLite database at: D:\\Apps\\Viktor\\sven\\src\\logger\\database\\db\\DiscordMessages.db","timestamp":"2025-03-13T12:35:14.904Z"}
{"level":"info","message":"Connected to SQLite database successfully.","timestamp":"2025-03-13T12:35:14.906Z"}
{"level":"info","message":"Author added to the database!","timestamp":"2025-03-13T12:35:14.943Z","username":"Ifj. Teszt Elek"}
{"level":"info","message":"Author added to the database!","timestamp":"2025-03-13T12:35:14.952Z","username":"Id. Teszt Elek"}
{"level":"info","message":"Author added to the database!","timestamp":"2025-03-13T12:35:14.959Z","username":"Teszt Elemer"}
{"level":"info","message":"Author added to the database!","timestamp":"2025-03-13T12:35:14.978Z","username":"Ifj. Teszt Elemer"}
{"level":"info","message":"Using SQLite database at: D:\\Apps\\Viktor\\sven\\src\\logger\\database\\db\\DiscordMessages.db","timestamp":"2025-03-13T12:35:25.252Z"}
{"level":"info","message":"Connected to SQLite database successfully.","timestamp":"2025-03-13T12:35:25.255Z"}
{"level":"info","message":"Author added to the database!","timestamp":"2025-03-13T12:35:25.292Z","username":"Ifj. Teszt Elek"}
{"level":"info","message":"Author added to the database!","timestamp":"2025-03-13T12:35:25.302Z","username":"Id. Teszt Elek"}
{"level":"info","message":"Author added to the database!","timestamp":"2025-03-13T12:35:25.308Z","username":"Teszt Elemer"}
{"level":"info","message":"Author added to the database!","timestamp":"2025-03-13T12:35:25.316Z","username":""}
{"level":"info","message":"Author added to the database!","timestamp":"2025-03-13T12:35:25.333Z","username":"Ifj. Teszt Elemer"}
{"level":"info","message":"Using SQLite database at: D:\\Apps\\Viktor\\sven\\src\\logger\\database\\db\\DiscordMessages.db","timestamp":"2025-03-13T12:35:30.599Z"}
{"level":"info","message":"Connected to SQLite database successfully.","timestamp":"2025-03-13T12:35:30.602Z"}
{"level":"info","message":"Author added to the database!","timestamp":"2025-03-13T12:35:30.637Z","username":"Ifj. Teszt Elek"}
{"level":"info","message":"Author added to the database!","timestamp":"2025-03-13T12:35:30.646Z","username":"Id. Teszt Elek"}
{"level":"info","message":"Author added to the database!","timestamp":"2025-03-13T12:35:30.654Z","username":"Teszt Elemer"}
{"level":"info","message":"Author added to the database!","timestamp":"2025-03-13T12:35:30.665Z","username":"Ifj. Teszt Elemer"}
{"level":"info","message":"Using SQLite database at: D:\\Apps\\Viktor\\sven\\src\\logger\\database\\db\\DiscordMessages.db","timestamp":"2025-03-13T12:36:17.086Z"}
{"level":"info","message":"Connected to SQLite database successfully.","timestamp":"2025-03-13T12:36:17.089Z"}
{"level":"info","message":"Author added to the database!","timestamp":"2025-03-13T12:36:17.125Z","username":"Ifj. Teszt Elek"}
{"level":"info","message":"Author added to the database!","timestamp":"2025-03-13T12:36:17.136Z","username":"Id. Teszt Elek"}
{"level":"info","message":"Author added to the database!","timestamp":"2025-03-13T12:36:17.142Z","username":"Teszt Elemer"}
{"level":"info","message":"Author added to the database!","timestamp":"2025-03-13T12:36:17.152Z","username":"Ifj. Teszt Elemer"}
{"level":"info","message":"Using SQLite database at: D:\\Apps\\Viktor\\sven\\src\\logger\\database\\db\\DiscordMessages.db","timestamp":"2025-03-13T12:36:57.463Z"}
{"level":"info","message":"Connected to SQLite database successfully.","timestamp":"2025-03-13T12:36:57.465Z"}
{"level":"info","message":"Author added to the database!","timestamp":"2025-03-13T12:36:57.509Z","username":"Id. Teszt Elek"}
{"level":"info","message":"Author added to the database!","timestamp":"2025-03-13T12:36:57.519Z","username":"Teszt Elemer"}
{"level":"info","message":"Author added to the database!","timestamp":"2025-03-13T12:36:57.528Z","username":"Ifj. Teszt Elemer"}
{"level":"info","message":"Using SQLite database at: D:\\Apps\\Viktor\\sven\\src\\logger\\database\\db\\DiscordMessages.db","timestamp":"2025-03-13T12:38:09.616Z"}
{"level":"info","message":"Connected to SQLite database successfully.","timestamp":"2025-03-13T12:38:09.619Z"}
{"level":"info","message":"Author added to the database!","timestamp":"2025-03-13T12:38:09.664Z","username":"Id. Teszt Elek"}
{"level":"info","message":"Author added to the database!","timestamp":"2025-03-13T12:38:09.670Z","username":"Teszt Elemer"}
{"level":"info","message":"Author added to the database!","timestamp":"2025-03-13T12:38:09.680Z","username":"Ifj. Teszt Elemer"}
{"level":"info","message":"Using SQLite database at: D:\\Apps\\Viktor\\sven\\src\\logger\\database\\db\\DiscordMessages.db","timestamp":"2025-03-13T12:40:29.058Z"}
{"level":"info","message":"Connected to SQLite database successfully.","timestamp":"2025-03-13T12:40:29.061Z"}
{"level":"info","message":"Author added to the database!","timestamp":"2025-03-13T12:40:29.107Z","username":"Id. Teszt Elek"}
{"level":"info","message":"Author added to the database!","timestamp":"2025-03-13T12:40:29.116Z","username":"Teszt Elemer"}
{"level":"info","message":"Author added to the database!","timestamp":"2025-03-13T12:40:29.125Z","username":"Ifj. Teszt Elemer"}
{"level":"info","message":"Using SQLite database at: D:\\Apps\\Viktor\\sven\\src\\logger\\database\\db\\DiscordMessages.db","timestamp":"2025-03-13T12:42:28.009Z"}
{"level":"info","message":"Connected to SQLite database successfully.","timestamp":"2025-03-13T12:42:28.012Z"}
{"level":"info","message":"Using SQLite database at: D:\\Apps\\Viktor\\sven\\src\\logger\\database\\db\\DiscordMessages.db","timestamp":"2025-03-13T12:42:53.155Z"}
{"level":"info","message":"Connected to SQLite database successfully.","timestamp":"2025-03-13T12:42:53.158Z"}
{"level":"info","message":"Using SQLite database at: D:\\Apps\\Viktor\\sven\\src\\logger\\database\\db\\DiscordMessages.db","timestamp":"2025-03-13T12:43:12.091Z"}
{"level":"info","message":"Connected to SQLite database successfully.","timestamp":"2025-03-13T12:43:12.093Z"}
{"level":"info","message":"Using SQLite database at: D:\\Apps\\Viktor\\sven\\src\\logger\\database\\db\\DiscordMessages.db","timestamp":"2025-03-13T12:43:46.821Z"}
{"level":"info","message":"Connected to SQLite database successfully.","timestamp":"2025-03-13T12:43:46.824Z"}
{"level":"info","message":"Using SQLite database at: D:\\Apps\\Viktor\\sven\\src\\logger\\database\\db\\DiscordMessages.db","timestamp":"2025-03-13T12:44:33.421Z"}
{"level":"info","message":"Connected to SQLite database successfully.","timestamp":"2025-03-13T12:44:33.424Z"}
{"level":"info","message":"Using SQLite database at: D:\\Apps\\Viktor\\sven\\src\\logger\\database\\db\\DiscordMessages.db","timestamp":"2025-03-13T12:45:52.699Z"}
{"level":"info","message":"Connected to SQLite database successfully.","timestamp":"2025-03-13T12:45:52.702Z"}
{"level":"info","message":"Using SQLite database at: D:\\Apps\\Viktor\\sven\\src\\logger\\database\\db\\DiscordMessages.db","timestamp":"2025-03-13T12:46:39.062Z"}
{"level":"info","message":"Connected to SQLite database successfully.","timestamp":"2025-03-13T12:46:39.065Z"}
{"level":"info","message":"Using SQLite database at: D:\\Apps\\Viktor\\sven\\src\\logger\\database\\db\\DiscordMessages.db","timestamp":"2025-03-13T12:53:41.057Z"}
{"level":"info","message":"Connected to SQLite database successfully.","timestamp":"2025-03-13T12:53:41.060Z"}
{"level":"info","message":"Author added to the database!","timestamp":"2025-03-13T12:53:41.096Z","username":"Ifj. Teszt Elek"}
{"level":"info","message":"Author added to the database!","timestamp":"2025-03-13T12:53:41.105Z","username":"Id. Teszt Elek"}
{"level":"info","message":"Author added to the database!","timestamp":"2025-03-13T12:53:41.111Z","username":"Teszt Elemer"}
{"level":"error","message":"Error logging message: Username is empty!","stack":"Error: Username is empty!\n    at D:\\Apps\\Viktor\\sven\\src\\logger\\controller\\messageLogger.controller.test.ts:94:72\n    at file:///D:/Apps/Viktor/sven/node_modules/@vitest/runner/dist/index.js:174:14\n    at file:///D:/Apps/Viktor/sven/node_modules/@vitest/runner/dist/index.js:563:28\n    at file:///D:/Apps/Viktor/sven/node_modules/@vitest/runner/dist/index.js:61:24\n    at new Promise (<anonymous>)\n    at runWithTimeout (file:///D:/Apps/Viktor/sven/node_modules/@vitest/runner/dist/index.js:41:12)\n    at runTest (file:///D:/Apps/Viktor/sven/node_modules/@vitest/runner/dist/index.js:1149:17)\n    at runSuite (file:///D:/Apps/Viktor/sven/node_modules/@vitest/runner/dist/index.js:1303:15)\n    at runSuite (file:///D:/Apps/Viktor/sven/node_modules/@vitest/runner/dist/index.js:1303:15)\n    at runSuite (file:///D:/Apps/Viktor/sven/node_modules/@vitest/runner/dist/index.js:1303:15)","timestamp":"2025-03-13T12:53:41.123Z"}
{"level":"info","message":"Author added to the database!","timestamp":"2025-03-13T12:53:41.129Z","username":"Ifj. Teszt Elemer"}
{"level":"info","message":"Using SQLite database at: D:\\Apps\\Viktor\\sven\\src\\logger\\database\\db\\DiscordMessages.db","timestamp":"2025-03-13T12:53:45.028Z"}
{"level":"info","message":"Connected to SQLite database successfully.","timestamp":"2025-03-13T12:53:45.030Z"}
{"level":"info","message":"Author added to the database!","timestamp":"2025-03-13T12:53:45.066Z","username":"Ifj. Teszt Elek"}
{"level":"info","message":"Author added to the database!","timestamp":"2025-03-13T12:53:45.076Z","username":"Id. Teszt Elek"}
{"level":"info","message":"Author added to the database!","timestamp":"2025-03-13T12:53:45.082Z","username":"Teszt Elemer"}
{"level":"error","message":"Error logging message: Username is empty!","stack":"Error: Username is empty!\n    at D:\\Apps\\Viktor\\sven\\src\\logger\\controller\\messageLogger.controller.test.ts:94:72\n    at file:///D:/Apps/Viktor/sven/node_modules/@vitest/runner/dist/index.js:174:14\n    at file:///D:/Apps/Viktor/sven/node_modules/@vitest/runner/dist/index.js:563:28\n    at file:///D:/Apps/Viktor/sven/node_modules/@vitest/runner/dist/index.js:61:24\n    at new Promise (<anonymous>)\n    at runWithTimeout (file:///D:/Apps/Viktor/sven/node_modules/@vitest/runner/dist/index.js:41:12)\n    at runTest (file:///D:/Apps/Viktor/sven/node_modules/@vitest/runner/dist/index.js:1149:17)\n    at runSuite (file:///D:/Apps/Viktor/sven/node_modules/@vitest/runner/dist/index.js:1303:15)\n    at runSuite (file:///D:/Apps/Viktor/sven/node_modules/@vitest/runner/dist/index.js:1303:15)\n    at runSuite (file:///D:/Apps/Viktor/sven/node_modules/@vitest/runner/dist/index.js:1303:15)","timestamp":"2025-03-13T12:53:45.094Z"}
{"level":"info","message":"Author added to the database!","timestamp":"2025-03-13T12:53:45.099Z","username":"Ifj. Teszt Elemer"}
{"level":"info","message":"Using SQLite database at: D:\\Apps\\Viktor\\sven\\src\\logger\\database\\db\\DiscordMessages.db","timestamp":"2025-03-13T12:53:48.665Z"}
{"level":"info","message":"Connected to SQLite database successfully.","timestamp":"2025-03-13T12:53:48.668Z"}
{"level":"info","message":"Author added to the database!","timestamp":"2025-03-13T12:53:48.704Z","username":"Ifj. Teszt Elek"}
{"level":"info","message":"Author added to the database!","timestamp":"2025-03-13T12:53:48.712Z","username":"Id. Teszt Elek"}
{"level":"info","message":"Author added to the database!","timestamp":"2025-03-13T12:53:48.718Z","username":"Teszt Elemer"}
{"level":"error","message":"Error logging message: Username is empty!","stack":"Error: Username is empty!\n    at D:\\Apps\\Viktor\\sven\\src\\logger\\controller\\messageLogger.controller.test.ts:94:72\n    at file:///D:/Apps/Viktor/sven/node_modules/@vitest/runner/dist/index.js:174:14\n    at file:///D:/Apps/Viktor/sven/node_modules/@vitest/runner/dist/index.js:563:28\n    at file:///D:/Apps/Viktor/sven/node_modules/@vitest/runner/dist/index.js:61:24\n    at new Promise (<anonymous>)\n    at runWithTimeout (file:///D:/Apps/Viktor/sven/node_modules/@vitest/runner/dist/index.js:41:12)\n    at runTest (file:///D:/Apps/Viktor/sven/node_modules/@vitest/runner/dist/index.js:1149:17)\n    at runSuite (file:///D:/Apps/Viktor/sven/node_modules/@vitest/runner/dist/index.js:1303:15)\n    at runSuite (file:///D:/Apps/Viktor/sven/node_modules/@vitest/runner/dist/index.js:1303:15)\n    at runSuite (file:///D:/Apps/Viktor/sven/node_modules/@vitest/runner/dist/index.js:1303:15)","timestamp":"2025-03-13T12:53:48.730Z"}
{"level":"info","message":"Author added to the database!","timestamp":"2025-03-13T12:53:48.734Z","username":"Ifj. Teszt Elemer"}
{"level":"info","message":"Using SQLite database at: D:\\Apps\\Viktor\\sven\\src\\logger\\database\\db\\DiscordMessages.db","timestamp":"2025-03-13T12:54:15.995Z"}
{"level":"info","message":"Connected to SQLite database successfully.","timestamp":"2025-03-13T12:54:15.998Z"}
{"level":"info","message":"Author added to the database!","timestamp":"2025-03-13T12:54:16.034Z","username":"Ifj. Teszt Elek"}
{"level":"info","message":"Author added to the database!","timestamp":"2025-03-13T12:54:16.044Z","username":"Id. Teszt Elek"}
{"level":"info","message":"Author added to the database!","timestamp":"2025-03-13T12:54:16.050Z","username":"Teszt Elemer"}
{"level":"error","message":"Error logging message: Username is empty!","stack":"Error: Username is empty!\n    at D:\\Apps\\Viktor\\sven\\src\\logger\\controller\\messageLogger.controller.test.ts:94:72\n    at file:///D:/Apps/Viktor/sven/node_modules/@vitest/runner/dist/index.js:174:14\n    at file:///D:/Apps/Viktor/sven/node_modules/@vitest/runner/dist/index.js:563:28\n    at file:///D:/Apps/Viktor/sven/node_modules/@vitest/runner/dist/index.js:61:24\n    at new Promise (<anonymous>)\n    at runWithTimeout (file:///D:/Apps/Viktor/sven/node_modules/@vitest/runner/dist/index.js:41:12)\n    at runTest (file:///D:/Apps/Viktor/sven/node_modules/@vitest/runner/dist/index.js:1149:17)\n    at runSuite (file:///D:/Apps/Viktor/sven/node_modules/@vitest/runner/dist/index.js:1303:15)\n    at runSuite (file:///D:/Apps/Viktor/sven/node_modules/@vitest/runner/dist/index.js:1303:15)\n    at runSuite (file:///D:/Apps/Viktor/sven/node_modules/@vitest/runner/dist/index.js:1303:15)","timestamp":"2025-03-13T12:54:16.062Z"}
{"level":"info","message":"Author added to the database!","timestamp":"2025-03-13T12:54:16.067Z","username":"Ifj. Teszt Elemer"}
{"level":"info","message":"Using SQLite database at: D:\\Apps\\Viktor\\sven\\src\\logger\\database\\db\\DiscordMessages.db","timestamp":"2025-03-13T12:55:47.238Z"}
{"level":"info","message":"Connected to SQLite database successfully.","timestamp":"2025-03-13T12:55:47.241Z"}
{"level":"info","message":"Using SQLite database at: D:\\Apps\\Viktor\\sven\\src\\logger\\database\\db\\DiscordMessages.db","timestamp":"2025-03-13T12:55:53.422Z"}
{"level":"info","message":"Connected to SQLite database successfully.","timestamp":"2025-03-13T12:55:53.424Z"}
{"level":"info","message":"Using SQLite database at: D:\\Apps\\Viktor\\sven\\src\\logger\\database\\db\\DiscordMessages.db","timestamp":"2025-03-13T12:55:58.287Z"}
{"level":"info","message":"Connected to SQLite database successfully.","timestamp":"2025-03-13T12:55:58.290Z"}
{"level":"info","message":"Using SQLite database at: D:\\Apps\\Viktor\\sven\\src\\logger\\database\\db\\DiscordMessages.db","timestamp":"2025-03-13T12:56:37.713Z"}
{"level":"info","message":"Connected to SQLite database successfully.","timestamp":"2025-03-13T12:56:37.716Z"}
{"level":"info","message":"Using SQLite database at: D:\\Apps\\Viktor\\sven\\src\\logger\\database\\db\\DiscordMessages.db","timestamp":"2025-03-13T12:56:42.319Z"}
{"level":"info","message":"Connected to SQLite database successfully.","timestamp":"2025-03-13T12:56:42.321Z"}
{"level":"info","message":"Using SQLite database at: D:\\Apps\\Viktor\\sven\\src\\logger\\database\\db\\DiscordMessages.db","timestamp":"2025-03-13T13:03:51.803Z"}
{"level":"info","message":"Connected to SQLite database successfully.","timestamp":"2025-03-13T13:03:51.806Z"}
{"level":"info","message":"Author added to the database!","timestamp":"2025-03-13T13:03:51.850Z","username":"Id. Teszt Elek"}
{"level":"info","message":"Author added to the database!","timestamp":"2025-03-13T13:03:51.860Z","username":"Teszt Elemer"}
{"level":"error","message":"Error logging message: Username is empty!","stack":"Error: Username is empty!\n    at D:\\Apps\\Viktor\\sven\\src\\logger\\controller\\messageLogger.controller.test.ts:95:72\n    at file:///D:/Apps/Viktor/sven/node_modules/@vitest/runner/dist/index.js:174:14\n    at file:///D:/Apps/Viktor/sven/node_modules/@vitest/runner/dist/index.js:563:28\n    at file:///D:/Apps/Viktor/sven/node_modules/@vitest/runner/dist/index.js:61:24\n    at new Promise (<anonymous>)\n    at runWithTimeout (file:///D:/Apps/Viktor/sven/node_modules/@vitest/runner/dist/index.js:41:12)\n    at runTest (file:///D:/Apps/Viktor/sven/node_modules/@vitest/runner/dist/index.js:1149:17)\n    at runSuite (file:///D:/Apps/Viktor/sven/node_modules/@vitest/runner/dist/index.js:1303:15)\n    at runSuite (file:///D:/Apps/Viktor/sven/node_modules/@vitest/runner/dist/index.js:1303:15)\n    at runSuite (file:///D:/Apps/Viktor/sven/node_modules/@vitest/runner/dist/index.js:1303:15)","timestamp":"2025-03-13T13:03:51.872Z"}
{"level":"info","message":"Author added to the database!","timestamp":"2025-03-13T13:03:51.877Z","username":"Ifj. Teszt Elemer"}
{"level":"info","message":"Using SQLite database at: D:\\Apps\\Viktor\\sven\\src\\logger\\database\\db\\DiscordMessages.db","timestamp":"2025-03-13T13:04:18.888Z"}
{"level":"info","message":"Connected to SQLite database successfully.","timestamp":"2025-03-13T13:04:18.891Z"}
{"level":"info","message":"Author added to the database!","timestamp":"2025-03-13T13:04:18.935Z","username":"Id. Teszt Elek"}
{"level":"info","message":"Author added to the database!","timestamp":"2025-03-13T13:04:18.941Z","username":"Teszt Elemer"}
{"level":"error","message":"Error logging message: Username is empty!","stack":"Error: Username is empty!\n    at D:\\Apps\\Viktor\\sven\\src\\logger\\controller\\messageLogger.controller.test.ts:95:72\n    at file:///D:/Apps/Viktor/sven/node_modules/@vitest/runner/dist/index.js:174:14\n    at file:///D:/Apps/Viktor/sven/node_modules/@vitest/runner/dist/index.js:563:28\n    at file:///D:/Apps/Viktor/sven/node_modules/@vitest/runner/dist/index.js:61:24\n    at new Promise (<anonymous>)\n    at runWithTimeout (file:///D:/Apps/Viktor/sven/node_modules/@vitest/runner/dist/index.js:41:12)\n    at runTest (file:///D:/Apps/Viktor/sven/node_modules/@vitest/runner/dist/index.js:1149:17)\n    at runSuite (file:///D:/Apps/Viktor/sven/node_modules/@vitest/runner/dist/index.js:1303:15)\n    at runSuite (file:///D:/Apps/Viktor/sven/node_modules/@vitest/runner/dist/index.js:1303:15)\n    at runSuite (file:///D:/Apps/Viktor/sven/node_modules/@vitest/runner/dist/index.js:1303:15)","timestamp":"2025-03-13T13:04:18.953Z"}
{"level":"info","message":"Author added to the database!","timestamp":"2025-03-13T13:04:18.960Z","username":"Ifj. Teszt Elemer"}
{"level":"info","message":"Using SQLite database at: D:\\Apps\\Viktor\\sven\\src\\logger\\database\\db\\DiscordMessages.db","timestamp":"2025-03-13T13:04:29.012Z"}
{"level":"info","message":"Connected to SQLite database successfully.","timestamp":"2025-03-13T13:04:29.014Z"}
{"level":"info","message":"Author added to the database!","timestamp":"2025-03-13T13:04:29.060Z","username":"Id. Teszt Elek"}
{"level":"info","message":"Author added to the database!","timestamp":"2025-03-13T13:04:29.066Z","username":"Teszt Elemer"}
{"level":"error","message":"Error logging message: Username is empty!","stack":"Error: Username is empty!\n    at D:\\Apps\\Viktor\\sven\\src\\logger\\controller\\messageLogger.controller.test.ts:95:72\n    at file:///D:/Apps/Viktor/sven/node_modules/@vitest/runner/dist/index.js:174:14\n    at file:///D:/Apps/Viktor/sven/node_modules/@vitest/runner/dist/index.js:563:28\n    at file:///D:/Apps/Viktor/sven/node_modules/@vitest/runner/dist/index.js:61:24\n    at new Promise (<anonymous>)\n    at runWithTimeout (file:///D:/Apps/Viktor/sven/node_modules/@vitest/runner/dist/index.js:41:12)\n    at runTest (file:///D:/Apps/Viktor/sven/node_modules/@vitest/runner/dist/index.js:1149:17)\n    at runSuite (file:///D:/Apps/Viktor/sven/node_modules/@vitest/runner/dist/index.js:1303:15)\n    at runSuite (file:///D:/Apps/Viktor/sven/node_modules/@vitest/runner/dist/index.js:1303:15)\n    at runSuite (file:///D:/Apps/Viktor/sven/node_modules/@vitest/runner/dist/index.js:1303:15)","timestamp":"2025-03-13T13:04:29.078Z"}
{"level":"info","message":"Author added to the database!","timestamp":"2025-03-13T13:04:29.086Z","username":"Ifj. Teszt Elemer"}
{"level":"info","message":"Using SQLite database at: D:\\Apps\\Viktor\\sven\\src\\logger\\database\\db\\DiscordMessages.db","timestamp":"2025-03-13T13:04:32.537Z"}
{"level":"info","message":"Connected to SQLite database successfully.","timestamp":"2025-03-13T13:04:32.540Z"}
{"level":"info","message":"Author added to the database!","timestamp":"2025-03-13T13:04:32.585Z","username":"Id. Teszt Elek"}
{"level":"info","message":"Author added to the database!","timestamp":"2025-03-13T13:04:32.590Z","username":"Teszt Elemer"}
{"level":"error","message":"Error logging message: Username is empty!","stack":"Error: Username is empty!\n    at D:\\Apps\\Viktor\\sven\\src\\logger\\controller\\messageLogger.controller.test.ts:95:72\n    at file:///D:/Apps/Viktor/sven/node_modules/@vitest/runner/dist/index.js:174:14\n    at file:///D:/Apps/Viktor/sven/node_modules/@vitest/runner/dist/index.js:563:28\n    at file:///D:/Apps/Viktor/sven/node_modules/@vitest/runner/dist/index.js:61:24\n    at new Promise (<anonymous>)\n    at runWithTimeout (file:///D:/Apps/Viktor/sven/node_modules/@vitest/runner/dist/index.js:41:12)\n    at runTest (file:///D:/Apps/Viktor/sven/node_modules/@vitest/runner/dist/index.js:1149:17)\n    at runSuite (file:///D:/Apps/Viktor/sven/node_modules/@vitest/runner/dist/index.js:1303:15)\n    at runSuite (file:///D:/Apps/Viktor/sven/node_modules/@vitest/runner/dist/index.js:1303:15)\n    at runSuite (file:///D:/Apps/Viktor/sven/node_modules/@vitest/runner/dist/index.js:1303:15)","timestamp":"2025-03-13T13:04:32.602Z"}
{"level":"info","message":"Author added to the database!","timestamp":"2025-03-13T13:04:32.609Z","username":"Ifj. Teszt Elemer"}
{"level":"info","message":"Using SQLite database at: D:\\Apps\\Viktor\\sven\\src\\logger\\database\\db\\DiscordMessages.db","timestamp":"2025-03-13T13:04:46.900Z"}
{"level":"info","message":"Connected to SQLite database successfully.","timestamp":"2025-03-13T13:04:46.903Z"}
{"level":"error","message":"Error logging message: Username is empty!","stack":"Error: Username is empty!\n    at D:\\Apps\\Viktor\\sven\\src\\logger\\controller\\messageLogger.controller.test.ts:97:72\n    at file:///D:/Apps/Viktor/sven/node_modules/@vitest/runner/dist/index.js:174:14\n    at file:///D:/Apps/Viktor/sven/node_modules/@vitest/runner/dist/index.js:563:28\n    at file:///D:/Apps/Viktor/sven/node_modules/@vitest/runner/dist/index.js:61:24\n    at new Promise (<anonymous>)\n    at runWithTimeout (file:///D:/Apps/Viktor/sven/node_modules/@vitest/runner/dist/index.js:41:12)\n    at runTest (file:///D:/Apps/Viktor/sven/node_modules/@vitest/runner/dist/index.js:1149:17)\n    at runSuite (file:///D:/Apps/Viktor/sven/node_modules/@vitest/runner/dist/index.js:1303:15)\n    at runSuite (file:///D:/Apps/Viktor/sven/node_modules/@vitest/runner/dist/index.js:1303:15)\n    at runSuite (file:///D:/Apps/Viktor/sven/node_modules/@vitest/runner/dist/index.js:1303:15)","timestamp":"2025-03-13T13:04:46.964Z"}
{"level":"info","message":"Using SQLite database at: D:\\Apps\\Viktor\\sven\\src\\logger\\database\\db\\DiscordMessages.db","timestamp":"2025-03-13T13:04:54.690Z"}
{"level":"info","message":"Connected to SQLite database successfully.","timestamp":"2025-03-13T13:04:54.693Z"}
{"level":"error","message":"Error logging message: Username is empty!","stack":"Error: Username is empty!\n    at D:\\Apps\\Viktor\\sven\\src\\logger\\controller\\messageLogger.controller.test.ts:97:72\n    at file:///D:/Apps/Viktor/sven/node_modules/@vitest/runner/dist/index.js:174:14\n    at file:///D:/Apps/Viktor/sven/node_modules/@vitest/runner/dist/index.js:563:28\n    at file:///D:/Apps/Viktor/sven/node_modules/@vitest/runner/dist/index.js:61:24\n    at new Promise (<anonymous>)\n    at runWithTimeout (file:///D:/Apps/Viktor/sven/node_modules/@vitest/runner/dist/index.js:41:12)\n    at runTest (file:///D:/Apps/Viktor/sven/node_modules/@vitest/runner/dist/index.js:1149:17)\n    at runSuite (file:///D:/Apps/Viktor/sven/node_modules/@vitest/runner/dist/index.js:1303:15)\n    at runSuite (file:///D:/Apps/Viktor/sven/node_modules/@vitest/runner/dist/index.js:1303:15)\n    at runSuite (file:///D:/Apps/Viktor/sven/node_modules/@vitest/runner/dist/index.js:1303:15)","timestamp":"2025-03-13T13:04:54.755Z"}
{"level":"info","message":"Using SQLite database at: D:\\Apps\\Viktor\\sven\\src\\logger\\database\\db\\DiscordMessages.db","timestamp":"2025-03-13T13:05:08.525Z"}
{"level":"info","message":"Connected to SQLite database successfully.","timestamp":"2025-03-13T13:05:08.529Z"}
{"level":"error","message":"Error logging message: Username is empty!","stack":"Error: Username is empty!\n    at D:\\Apps\\Viktor\\sven\\src\\logger\\controller\\messageLogger.controller.test.ts:97:72\n    at file:///D:/Apps/Viktor/sven/node_modules/@vitest/runner/dist/index.js:174:14\n    at file:///D:/Apps/Viktor/sven/node_modules/@vitest/runner/dist/index.js:563:28\n    at file:///D:/Apps/Viktor/sven/node_modules/@vitest/runner/dist/index.js:61:24\n    at new Promise (<anonymous>)\n    at runWithTimeout (file:///D:/Apps/Viktor/sven/node_modules/@vitest/runner/dist/index.js:41:12)\n    at runTest (file:///D:/Apps/Viktor/sven/node_modules/@vitest/runner/dist/index.js:1149:17)\n    at runSuite (file:///D:/Apps/Viktor/sven/node_modules/@vitest/runner/dist/index.js:1303:15)\n    at runSuite (file:///D:/Apps/Viktor/sven/node_modules/@vitest/runner/dist/index.js:1303:15)\n    at runSuite (file:///D:/Apps/Viktor/sven/node_modules/@vitest/runner/dist/index.js:1303:15)","timestamp":"2025-03-13T13:05:08.590Z"}
{"level":"info","message":"Using SQLite database at: D:\\Apps\\Viktor\\sven\\src\\logger\\database\\db\\DiscordMessages.db","timestamp":"2025-03-13T13:05:22.522Z"}
{"level":"info","message":"Connected to SQLite database successfully.","timestamp":"2025-03-13T13:05:22.525Z"}
{"level":"info","message":"Using SQLite database at: D:\\Apps\\Viktor\\sven\\src\\logger\\database\\db\\DiscordMessages.db","timestamp":"2025-03-13T13:05:29.766Z"}
{"level":"info","message":"Connected to SQLite database successfully.","timestamp":"2025-03-13T13:05:29.769Z"}
{"level":"info","message":"Using SQLite database at: D:\\Apps\\Viktor\\sven\\src\\logger\\database\\db\\DiscordMessages.db","timestamp":"2025-03-13T13:08:52.830Z"}
{"level":"info","message":"Connected to SQLite database successfully.","timestamp":"2025-03-13T13:08:52.833Z"}
{"level":"info","message":"Author added to the database!","timestamp":"2025-03-13T13:08:52.877Z","username":"Id. Teszt Elek"}
{"level":"info","message":"Author added to the database!","timestamp":"2025-03-13T13:08:52.886Z","username":"Teszt Elemer"}
{"level":"error","message":"Error logging message: Username is empty!","stack":"Error: Username is empty!\n    at D:\\Apps\\Viktor\\sven\\src\\logger\\controller\\messageLogger.controller.test.ts:100:72\n    at file:///D:/Apps/Viktor/sven/node_modules/@vitest/runner/dist/index.js:174:14\n    at file:///D:/Apps/Viktor/sven/node_modules/@vitest/runner/dist/index.js:563:28\n    at file:///D:/Apps/Viktor/sven/node_modules/@vitest/runner/dist/index.js:61:24\n    at new Promise (<anonymous>)\n    at runWithTimeout (file:///D:/Apps/Viktor/sven/node_modules/@vitest/runner/dist/index.js:41:12)\n    at runTest (file:///D:/Apps/Viktor/sven/node_modules/@vitest/runner/dist/index.js:1149:17)\n    at runSuite (file:///D:/Apps/Viktor/sven/node_modules/@vitest/runner/dist/index.js:1303:15)\n    at runSuite (file:///D:/Apps/Viktor/sven/node_modules/@vitest/runner/dist/index.js:1303:15)\n    at runSuite (file:///D:/Apps/Viktor/sven/node_modules/@vitest/runner/dist/index.js:1303:15)","timestamp":"2025-03-13T13:08:52.898Z"}
{"level":"info","message":"Author added to the database!","timestamp":"2025-03-13T13:08:52.903Z","username":"Ifj. Teszt Elemer"}
{"level":"info","message":"Using SQLite database at: D:\\Apps\\Viktor\\sven\\src\\logger\\database\\db\\DiscordMessages.db","timestamp":"2025-03-13T13:08:59.193Z"}
{"level":"info","message":"Connected to SQLite database successfully.","timestamp":"2025-03-13T13:08:59.196Z"}
{"level":"info","message":"Author added to the database!","timestamp":"2025-03-13T13:08:59.240Z","username":"Id. Teszt Elek"}
{"level":"info","message":"Author added to the database!","timestamp":"2025-03-13T13:08:59.247Z","username":"Teszt Elemer"}
{"level":"error","message":"Error logging message: Username is empty!","stack":"Error: Username is empty!\n    at D:\\Apps\\Viktor\\sven\\src\\logger\\controller\\messageLogger.controller.test.ts:100:72\n    at file:///D:/Apps/Viktor/sven/node_modules/@vitest/runner/dist/index.js:174:14\n    at file:///D:/Apps/Viktor/sven/node_modules/@vitest/runner/dist/index.js:563:28\n    at file:///D:/Apps/Viktor/sven/node_modules/@vitest/runner/dist/index.js:61:24\n    at new Promise (<anonymous>)\n    at runWithTimeout (file:///D:/Apps/Viktor/sven/node_modules/@vitest/runner/dist/index.js:41:12)\n    at runTest (file:///D:/Apps/Viktor/sven/node_modules/@vitest/runner/dist/index.js:1149:17)\n    at runSuite (file:///D:/Apps/Viktor/sven/node_modules/@vitest/runner/dist/index.js:1303:15)\n    at runSuite (file:///D:/Apps/Viktor/sven/node_modules/@vitest/runner/dist/index.js:1303:15)\n    at runSuite (file:///D:/Apps/Viktor/sven/node_modules/@vitest/runner/dist/index.js:1303:15)","timestamp":"2025-03-13T13:08:59.261Z"}
{"level":"info","message":"Author added to the database!","timestamp":"2025-03-13T13:08:59.265Z","username":"Ifj. Teszt Elemer"}
{"level":"info","message":"Using SQLite database at: D:\\Apps\\Viktor\\sven\\src\\logger\\database\\db\\DiscordMessages.db","timestamp":"2025-03-13T13:09:10.742Z"}
{"level":"info","message":"Connected to SQLite database successfully.","timestamp":"2025-03-13T13:09:10.745Z"}
{"level":"info","message":"Connected to SQLite database successfully at path: D:\\Apps\\Viktor\\sven\\src\\logger\\database\\db\\DiscordMessages.db","timestamp":"2025-03-13T13:09:51.025Z"}
{"level":"info","message":"Connected to SQLite database successfully at path: D:\\Apps\\Viktor\\sven\\src\\logger\\database\\db\\DiscordMessages.db","timestamp":"2025-03-13T13:09:51.027Z"}
{"level":"info","message":"Connected to SQLite database successfully at path: D:\\Apps\\Viktor\\sven\\src\\logger\\database\\db\\DiscordMessages.db","timestamp":"2025-03-13T13:09:51.030Z"}
{"level":"info","message":"Connected to SQLite database successfully at path: D:\\Apps\\Viktor\\sven\\src\\logger\\database\\db\\DiscordMessages.db","timestamp":"2025-03-13T13:09:51.031Z"}
{"level":"info","message":"Connected to SQLite database successfully at path: D:\\Apps\\Viktor\\sven\\src\\logger\\database\\db\\DiscordMessages.db","timestamp":"2025-03-13T13:10:09.208Z"}
{"level":"info","message":"Connected to SQLite database successfully at path: D:\\Apps\\Viktor\\sven\\src\\logger\\database\\db\\DiscordMessages.db","timestamp":"2025-03-13T13:10:16.411Z"}
{"level":"info","message":"Connected to SQLite database successfully at path: D:\\Apps\\Viktor\\sven\\src\\logger\\database\\db\\DiscordMessages.db","timestamp":"2025-03-13T13:13:29.474Z"}
{"level":"info","message":"Connected to SQLite database successfully at path: D:\\Apps\\Viktor\\sven\\src\\logger\\database\\db\\DiscordMessages.db","timestamp":"2025-03-13T13:34:08.590Z"}
{"level":"info","message":"Connected to SQLite database successfully at path: D:\\Apps\\Viktor\\sven\\src\\logger\\database\\db\\DiscordMessages.db","timestamp":"2025-03-13T13:34:13.340Z"}
{"level":"info","message":"Connected to SQLite database successfully at path: D:\\Apps\\Viktor\\sven\\src\\logger\\database\\db\\DiscordMessages.db","timestamp":"2025-03-13T13:34:57.638Z"}
{"level":"info","message":"Connected to SQLite database successfully at path: D:\\Apps\\Viktor\\sven\\src\\logger\\database\\db\\DiscordMessages.db","timestamp":"2025-03-13T13:35:00.710Z"}
{"level":"info","message":"Connected to SQLite database successfully at path: D:\\Apps\\Viktor\\sven\\src\\logger\\database\\db\\DiscordMessages.db","timestamp":"2025-03-13T13:35:22.118Z"}
{"level":"info","message":"Connected to SQLite database successfully at path: D:\\Apps\\Viktor\\sven\\src\\logger\\database\\db\\DiscordMessages.db","timestamp":"2025-03-13T13:35:46.052Z"}
{"level":"info","message":"Connected to SQLite database successfully at path: D:\\Apps\\Viktor\\sven\\src\\logger\\database\\db\\DiscordMessages.db","timestamp":"2025-03-13T13:36:24.745Z"}
{"level":"info","message":"Connected to SQLite database successfully at path: D:\\Apps\\Viktor\\sven\\src\\logger\\database\\db\\DiscordMessages.db","timestamp":"2025-03-13T13:36:55.089Z"}
{"level":"info","message":"Connected to SQLite database successfully at path: D:\\Apps\\Viktor\\sven\\src\\logger\\database\\db\\DiscordMessages.db","timestamp":"2025-03-13T13:37:16.197Z"}
{"level":"info","message":"Connected to SQLite database successfully at path: D:\\Apps\\Viktor\\sven\\src\\logger\\database\\db\\DiscordMessages.db","timestamp":"2025-03-13T13:37:21.587Z"}
{"level":"info","message":"Connected to SQLite database successfully at path: D:\\Apps\\Viktor\\sven\\src\\logger\\database\\db\\DiscordMessages.db","timestamp":"2025-03-13T13:37:40.067Z"}
{"level":"info","message":"Connected to SQLite database successfully at path: D:\\Apps\\Viktor\\sven\\src\\logger\\database\\db\\DiscordMessages.db","timestamp":"2025-03-13T13:37:52.288Z"}
{"level":"info","message":"Connected to SQLite database successfully at path: D:\\Apps\\Viktor\\sven\\src\\logger\\database\\db\\DiscordMessages.db","timestamp":"2025-03-13T13:37:55.082Z"}
{"level":"info","message":"Connected to SQLite database successfully at path: D:\\Apps\\Viktor\\sven\\src\\logger\\database\\db\\DiscordMessages.db","timestamp":"2025-03-13T13:38:52.810Z"}
{"level":"info","message":"Connected to SQLite database successfully at path: D:\\Apps\\Viktor\\sven\\src\\logger\\database\\db\\DiscordMessages.db","timestamp":"2025-03-13T13:39:07.764Z"}
{"level":"info","message":"Connected to SQLite database successfully at path: D:\\Apps\\Viktor\\sven\\src\\logger\\database\\db\\DiscordMessages.db","timestamp":"2025-03-13T13:40:40.881Z"}
{"level":"info","message":"Connected to SQLite database successfully at path: D:\\Apps\\Viktor\\sven\\src\\logger\\database\\db\\DiscordMessages.db","timestamp":"2025-03-13T13:40:47.349Z"}
{"level":"info","message":"Connected to SQLite database successfully at path: D:\\Apps\\Viktor\\sven\\src\\logger\\database\\db\\DiscordMessages.db","timestamp":"2025-03-13T13:41:32.108Z"}
{"level":"info","message":"Connected to SQLite database successfully at path: D:\\Apps\\Viktor\\sven\\src\\logger\\database\\db\\DiscordMessages.db","timestamp":"2025-03-13T13:41:58.464Z"}
{"level":"info","message":"Connected to SQLite database successfully at path: D:\\Apps\\Viktor\\sven\\src\\logger\\database\\db\\DiscordMessages.db","timestamp":"2025-03-13T13:42:28.609Z"}
{"level":"info","message":"Connected to SQLite database successfully at path: D:\\Apps\\Viktor\\sven\\src\\logger\\database\\db\\DiscordMessages.db","timestamp":"2025-03-13T13:43:30.782Z"}
{"level":"info","message":"Connected to SQLite database successfully at path: D:\\Apps\\Viktor\\sven\\src\\logger\\database\\db\\DiscordMessages.db","timestamp":"2025-03-13T13:43:43.220Z"}
{"level":"info","message":"Connected to SQLite database successfully at path: D:\\Apps\\Viktor\\sven\\src\\logger\\database\\db\\DiscordMessages.db","timestamp":"2025-03-13T13:43:50.093Z"}
{"level":"info","message":"Connected to SQLite database successfully at path: D:\\Apps\\Viktor\\sven\\src\\logger\\database\\db\\DiscordMessages.db","timestamp":"2025-03-13T13:44:05.094Z"}
{"level":"info","message":"Connected to SQLite database successfully at path: D:\\Apps\\Viktor\\sven\\src\\logger\\database\\db\\DiscordMessages.db","timestamp":"2025-03-13T13:44:09.556Z"}
{"level":"info","message":"Connected to SQLite database successfully at path: D:\\Apps\\Viktor\\sven\\src\\logger\\database\\db\\DiscordMessages.db","timestamp":"2025-03-13T13:44:38.275Z"}
{"level":"info","message":"Connected to SQLite database successfully at path: D:\\Apps\\Viktor\\sven\\src\\logger\\database\\db\\DiscordMessages.db","timestamp":"2025-03-13T13:47:29.577Z"}
{"level":"info","message":"Connected to SQLite database successfully at path: D:\\Apps\\Viktor\\sven\\src\\logger\\database\\db\\DiscordMessages.db","timestamp":"2025-03-13T13:47:29.581Z"}
{"level":"info","message":"Connected to SQLite database successfully at path: D:\\Apps\\Viktor\\sven\\src\\logger\\database\\db\\DiscordMessages.db","timestamp":"2025-03-13T13:47:29.581Z"}
{"level":"info","message":"Connected to SQLite database successfully at path: D:\\Apps\\Viktor\\sven\\src\\logger\\database\\db\\DiscordMessages.db","timestamp":"2025-03-13T13:47:29.582Z"}
{"level":"error","message":"Error creating tables: (0 , __vite_ssr_import_0__.execute) is not a function","stack":"TypeError: (0 , __vite_ssr_import_0__.execute) is not a function\n    at createTables (D:\\Apps\\Viktor\\sven\\src\\logger\\database\\tables.ts:55:15)\n    at D:\\Apps\\Viktor\\sven\\src\\logger\\controller\\author.controller.test.ts:21:15\n    at file:///D:/Apps/Viktor/sven/node_modules/@vitest/runner/dist/index.js:174:14\n    at file:///D:/Apps/Viktor/sven/node_modules/@vitest/runner/dist/index.js:61:24\n    at new Promise (<anonymous>)\n    at runWithTimeout (file:///D:/Apps/Viktor/sven/node_modules/@vitest/runner/dist/index.js:41:12)\n    at runHook (file:///D:/Apps/Viktor/sven/node_modules/@vitest/runner/dist/index.js:1044:53)\n    at callSuiteHook (file:///D:/Apps/Viktor/sven/node_modules/@vitest/runner/dist/index.js:1052:28)\n    at processTicksAndRejections (node:internal/process/task_queues:105:5)\n    at callSuiteHook (file:///D:/Apps/Viktor/sven/node_modules/@vitest/runner/dist/index.js:1036:10)","timestamp":"2025-03-13T13:47:29.620Z"}
{"level":"error","message":"Error creating tables: (0 , __vite_ssr_import_0__.execute) is not a function","stack":"TypeError: (0 , __vite_ssr_import_0__.execute) is not a function\n    at createTables (D:\\Apps\\Viktor\\sven\\src\\logger\\database\\tables.ts:55:15)\n    at D:\\Apps\\Viktor\\sven\\src\\logger\\controller\\message.controller.test.ts:21:15\n    at file:///D:/Apps/Viktor/sven/node_modules/@vitest/runner/dist/index.js:174:14\n    at file:///D:/Apps/Viktor/sven/node_modules/@vitest/runner/dist/index.js:61:24\n    at new Promise (<anonymous>)\n    at runWithTimeout (file:///D:/Apps/Viktor/sven/node_modules/@vitest/runner/dist/index.js:41:12)\n    at runHook (file:///D:/Apps/Viktor/sven/node_modules/@vitest/runner/dist/index.js:1044:53)\n    at callSuiteHook (file:///D:/Apps/Viktor/sven/node_modules/@vitest/runner/dist/index.js:1052:28)\n    at processTicksAndRejections (node:internal/process/task_queues:105:5)\n    at callSuiteHook (file:///D:/Apps/Viktor/sven/node_modules/@vitest/runner/dist/index.js:1036:10)","timestamp":"2025-03-13T13:47:29.621Z"}
{"level":"error","message":"Error creating tables: (0 , __vite_ssr_import_0__.execute) is not a function","stack":"TypeError: (0 , __vite_ssr_import_0__.execute) is not a function\n    at createTables (D:\\Apps\\Viktor\\sven\\src\\logger\\database\\tables.ts:55:15)\n    at D:\\Apps\\Viktor\\sven\\src\\logger\\controller\\statistics.controller.test.ts:23:15\n    at file:///D:/Apps/Viktor/sven/node_modules/@vitest/runner/dist/index.js:174:14\n    at file:///D:/Apps/Viktor/sven/node_modules/@vitest/runner/dist/index.js:61:24\n    at new Promise (<anonymous>)\n    at runWithTimeout (file:///D:/Apps/Viktor/sven/node_modules/@vitest/runner/dist/index.js:41:12)\n    at runHook (file:///D:/Apps/Viktor/sven/node_modules/@vitest/runner/dist/index.js:1044:53)\n    at callSuiteHook (file:///D:/Apps/Viktor/sven/node_modules/@vitest/runner/dist/index.js:1052:28)\n    at processTicksAndRejections (node:internal/process/task_queues:105:5)\n    at callSuiteHook (file:///D:/Apps/Viktor/sven/node_modules/@vitest/runner/dist/index.js:1036:10)","timestamp":"2025-03-13T13:47:29.626Z"}
{"level":"error","message":"Error creating tables: (0 , __vite_ssr_import_0__.execute) is not a function","stack":"TypeError: (0 , __vite_ssr_import_0__.execute) is not a function\n    at createTables (D:\\Apps\\Viktor\\sven\\src\\logger\\database\\tables.ts:55:15)\n    at D:\\Apps\\Viktor\\sven\\src\\logger\\controller\\author.controller.test.ts:21:15\n    at file:///D:/Apps/Viktor/sven/node_modules/@vitest/runner/dist/index.js:174:14\n    at file:///D:/Apps/Viktor/sven/node_modules/@vitest/runner/dist/index.js:61:24\n    at new Promise (<anonymous>)\n    at runWithTimeout (file:///D:/Apps/Viktor/sven/node_modules/@vitest/runner/dist/index.js:41:12)\n    at runHook (file:///D:/Apps/Viktor/sven/node_modules/@vitest/runner/dist/index.js:1044:53)\n    at callSuiteHook (file:///D:/Apps/Viktor/sven/node_modules/@vitest/runner/dist/index.js:1052:28)\n    at processTicksAndRejections (node:internal/process/task_queues:105:5)\n    at callSuiteHook (file:///D:/Apps/Viktor/sven/node_modules/@vitest/runner/dist/index.js:1036:10)","timestamp":"2025-03-13T13:47:29.624Z"}
{"level":"error","message":"Error creating tables: (0 , __vite_ssr_import_0__.execute) is not a function","stack":"TypeError: (0 , __vite_ssr_import_0__.execute) is not a function\n    at createTables (D:\\Apps\\Viktor\\sven\\src\\logger\\database\\tables.ts:55:15)\n    at D:\\Apps\\Viktor\\sven\\src\\logger\\controller\\author.controller.test.ts:21:15\n    at file:///D:/Apps/Viktor/sven/node_modules/@vitest/runner/dist/index.js:174:14\n    at file:///D:/Apps/Viktor/sven/node_modules/@vitest/runner/dist/index.js:61:24\n    at new Promise (<anonymous>)\n    at runWithTimeout (file:///D:/Apps/Viktor/sven/node_modules/@vitest/runner/dist/index.js:41:12)\n    at runHook (file:///D:/Apps/Viktor/sven/node_modules/@vitest/runner/dist/index.js:1044:53)\n    at callSuiteHook (file:///D:/Apps/Viktor/sven/node_modules/@vitest/runner/dist/index.js:1052:28)\n    at processTicksAndRejections (node:internal/process/task_queues:105:5)\n    at callSuiteHook (file:///D:/Apps/Viktor/sven/node_modules/@vitest/runner/dist/index.js:1036:10)","timestamp":"2025-03-13T13:47:29.626Z"}
{"level":"error","message":"Error creating tables: (0 , __vite_ssr_import_0__.execute) is not a function","stack":"TypeError: (0 , __vite_ssr_import_0__.execute) is not a function\n    at createTables (D:\\Apps\\Viktor\\sven\\src\\logger\\database\\tables.ts:55:15)\n    at D:\\Apps\\Viktor\\sven\\src\\logger\\controller\\message.controller.test.ts:21:15\n    at file:///D:/Apps/Viktor/sven/node_modules/@vitest/runner/dist/index.js:174:14\n    at file:///D:/Apps/Viktor/sven/node_modules/@vitest/runner/dist/index.js:61:24\n    at new Promise (<anonymous>)\n    at runWithTimeout (file:///D:/Apps/Viktor/sven/node_modules/@vitest/runner/dist/index.js:41:12)\n    at runHook (file:///D:/Apps/Viktor/sven/node_modules/@vitest/runner/dist/index.js:1044:53)\n    at callSuiteHook (file:///D:/Apps/Viktor/sven/node_modules/@vitest/runner/dist/index.js:1052:28)\n    at processTicksAndRejections (node:internal/process/task_queues:105:5)\n    at callSuiteHook (file:///D:/Apps/Viktor/sven/node_modules/@vitest/runner/dist/index.js:1036:10)","timestamp":"2025-03-13T13:47:29.624Z"}
{"level":"error","message":"Error creating tables: (0 , __vite_ssr_import_0__.execute) is not a function","stack":"TypeError: (0 , __vite_ssr_import_0__.execute) is not a function\n    at createTables (D:\\Apps\\Viktor\\sven\\src\\logger\\database\\tables.ts:55:15)\n    at D:\\Apps\\Viktor\\sven\\src\\logger\\controller\\message.controller.test.ts:21:15\n    at file:///D:/Apps/Viktor/sven/node_modules/@vitest/runner/dist/index.js:174:14\n    at file:///D:/Apps/Viktor/sven/node_modules/@vitest/runner/dist/index.js:61:24\n    at new Promise (<anonymous>)\n    at runWithTimeout (file:///D:/Apps/Viktor/sven/node_modules/@vitest/runner/dist/index.js:41:12)\n    at runHook (file:///D:/Apps/Viktor/sven/node_modules/@vitest/runner/dist/index.js:1044:53)\n    at callSuiteHook (file:///D:/Apps/Viktor/sven/node_modules/@vitest/runner/dist/index.js:1052:28)\n    at processTicksAndRejections (node:internal/process/task_queues:105:5)\n    at callSuiteHook (file:///D:/Apps/Viktor/sven/node_modules/@vitest/runner/dist/index.js:1036:10)","timestamp":"2025-03-13T13:47:29.626Z"}
{"level":"error","message":"Error creating tables: (0 , __vite_ssr_import_0__.execute) is not a function","stack":"TypeError: (0 , __vite_ssr_import_0__.execute) is not a function\n    at createTables (D:\\Apps\\Viktor\\sven\\src\\logger\\database\\tables.ts:55:15)\n    at D:\\Apps\\Viktor\\sven\\src\\logger\\controller\\message.controller.test.ts:21:15\n    at file:///D:/Apps/Viktor/sven/node_modules/@vitest/runner/dist/index.js:174:14\n    at file:///D:/Apps/Viktor/sven/node_modules/@vitest/runner/dist/index.js:61:24\n    at new Promise (<anonymous>)\n    at runWithTimeout (file:///D:/Apps/Viktor/sven/node_modules/@vitest/runner/dist/index.js:41:12)\n    at runHook (file:///D:/Apps/Viktor/sven/node_modules/@vitest/runner/dist/index.js:1044:53)\n    at callSuiteHook (file:///D:/Apps/Viktor/sven/node_modules/@vitest/runner/dist/index.js:1052:28)\n    at processTicksAndRejections (node:internal/process/task_queues:105:5)\n    at callSuiteHook (file:///D:/Apps/Viktor/sven/node_modules/@vitest/runner/dist/index.js:1036:10)","timestamp":"2025-03-13T13:47:29.627Z"}
{"level":"error","message":"Error creating tables: (0 , __vite_ssr_import_0__.execute) is not a function","stack":"TypeError: (0 , __vite_ssr_import_0__.execute) is not a function\n    at createTables (D:\\Apps\\Viktor\\sven\\src\\logger\\database\\tables.ts:55:15)\n    at D:\\Apps\\Viktor\\sven\\src\\logger\\controller\\message.controller.test.ts:21:15\n    at file:///D:/Apps/Viktor/sven/node_modules/@vitest/runner/dist/index.js:174:14\n    at file:///D:/Apps/Viktor/sven/node_modules/@vitest/runner/dist/index.js:61:24\n    at new Promise (<anonymous>)\n    at runWithTimeout (file:///D:/Apps/Viktor/sven/node_modules/@vitest/runner/dist/index.js:41:12)\n    at runHook (file:///D:/Apps/Viktor/sven/node_modules/@vitest/runner/dist/index.js:1044:53)\n    at callSuiteHook (file:///D:/Apps/Viktor/sven/node_modules/@vitest/runner/dist/index.js:1052:28)\n    at processTicksAndRejections (node:internal/process/task_queues:105:5)\n    at callSuiteHook (file:///D:/Apps/Viktor/sven/node_modules/@vitest/runner/dist/index.js:1036:10)","timestamp":"2025-03-13T13:47:29.628Z"}
{"level":"error","message":"Error creating tables: (0 , __vite_ssr_import_0__.execute) is not a function","stack":"TypeError: (0 , __vite_ssr_import_0__.execute) is not a function\n    at createTables (D:\\Apps\\Viktor\\sven\\src\\logger\\database\\tables.ts:55:15)\n    at D:\\Apps\\Viktor\\sven\\src\\logger\\controller\\message.controller.test.ts:21:15\n    at file:///D:/Apps/Viktor/sven/node_modules/@vitest/runner/dist/index.js:174:14\n    at file:///D:/Apps/Viktor/sven/node_modules/@vitest/runner/dist/index.js:61:24\n    at new Promise (<anonymous>)\n    at runWithTimeout (file:///D:/Apps/Viktor/sven/node_modules/@vitest/runner/dist/index.js:41:12)\n    at runHook (file:///D:/Apps/Viktor/sven/node_modules/@vitest/runner/dist/index.js:1044:53)\n    at callSuiteHook (file:///D:/Apps/Viktor/sven/node_modules/@vitest/runner/dist/index.js:1052:28)\n    at processTicksAndRejections (node:internal/process/task_queues:105:5)\n    at callSuiteHook (file:///D:/Apps/Viktor/sven/node_modules/@vitest/runner/dist/index.js:1036:10)","timestamp":"2025-03-13T13:47:29.630Z"}
{"level":"error","message":"Error creating tables: (0 , __vite_ssr_import_0__.execute) is not a function","stack":"TypeError: (0 , __vite_ssr_import_0__.execute) is not a function\n    at createTables (D:\\Apps\\Viktor\\sven\\src\\logger\\database\\tables.ts:55:15)\n    at D:\\Apps\\Viktor\\sven\\src\\logger\\controller\\statistics.controller.test.ts:23:15\n    at file:///D:/Apps/Viktor/sven/node_modules/@vitest/runner/dist/index.js:174:14\n    at file:///D:/Apps/Viktor/sven/node_modules/@vitest/runner/dist/index.js:61:24\n    at new Promise (<anonymous>)\n    at runWithTimeout (file:///D:/Apps/Viktor/sven/node_modules/@vitest/runner/dist/index.js:41:12)\n    at runHook (file:///D:/Apps/Viktor/sven/node_modules/@vitest/runner/dist/index.js:1044:53)\n    at callSuiteHook (file:///D:/Apps/Viktor/sven/node_modules/@vitest/runner/dist/index.js:1052:28)\n    at processTicksAndRejections (node:internal/process/task_queues:105:5)\n    at callSuiteHook (file:///D:/Apps/Viktor/sven/node_modules/@vitest/runner/dist/index.js:1036:10)","timestamp":"2025-03-13T13:47:29.629Z"}
{"level":"error","message":"Error creating tables: (0 , __vite_ssr_import_0__.execute) is not a function","stack":"TypeError: (0 , __vite_ssr_import_0__.execute) is not a function\n    at createTables (D:\\Apps\\Viktor\\sven\\src\\logger\\database\\tables.ts:55:15)\n    at D:\\Apps\\Viktor\\sven\\src\\logger\\controller\\statistics.controller.test.ts:23:15\n    at file:///D:/Apps/Viktor/sven/node_modules/@vitest/runner/dist/index.js:174:14\n    at file:///D:/Apps/Viktor/sven/node_modules/@vitest/runner/dist/index.js:61:24\n    at new Promise (<anonymous>)\n    at runWithTimeout (file:///D:/Apps/Viktor/sven/node_modules/@vitest/runner/dist/index.js:41:12)\n    at runHook (file:///D:/Apps/Viktor/sven/node_modules/@vitest/runner/dist/index.js:1044:53)\n    at callSuiteHook (file:///D:/Apps/Viktor/sven/node_modules/@vitest/runner/dist/index.js:1052:28)\n    at processTicksAndRejections (node:internal/process/task_queues:105:5)\n    at callSuiteHook (file:///D:/Apps/Viktor/sven/node_modules/@vitest/runner/dist/index.js:1036:10)","timestamp":"2025-03-13T13:47:29.631Z"}
{"level":"error","message":"Error creating tables: (0 , __vite_ssr_import_0__.execute) is not a function","stack":"TypeError: (0 , __vite_ssr_import_0__.execute) is not a function\n    at createTables (D:\\Apps\\Viktor\\sven\\src\\logger\\database\\tables.ts:55:15)\n    at D:\\Apps\\Viktor\\sven\\src\\logger\\controller\\statistics.controller.test.ts:23:15\n    at file:///D:/Apps/Viktor/sven/node_modules/@vitest/runner/dist/index.js:174:14\n    at file:///D:/Apps/Viktor/sven/node_modules/@vitest/runner/dist/index.js:61:24\n    at new Promise (<anonymous>)\n    at runWithTimeout (file:///D:/Apps/Viktor/sven/node_modules/@vitest/runner/dist/index.js:41:12)\n    at runHook (file:///D:/Apps/Viktor/sven/node_modules/@vitest/runner/dist/index.js:1044:53)\n    at callSuiteHook (file:///D:/Apps/Viktor/sven/node_modules/@vitest/runner/dist/index.js:1052:28)\n    at processTicksAndRejections (node:internal/process/task_queues:105:5)\n    at callSuiteHook (file:///D:/Apps/Viktor/sven/node_modules/@vitest/runner/dist/index.js:1036:10)","timestamp":"2025-03-13T13:47:29.632Z"}
{"level":"error","message":"Error creating tables: (0 , __vite_ssr_import_0__.execute) is not a function","stack":"TypeError: (0 , __vite_ssr_import_0__.execute) is not a function\n    at createTables (D:\\Apps\\Viktor\\sven\\src\\logger\\database\\tables.ts:55:15)\n    at D:\\Apps\\Viktor\\sven\\src\\logger\\controller\\statistics.controller.test.ts:23:15\n    at file:///D:/Apps/Viktor/sven/node_modules/@vitest/runner/dist/index.js:174:14\n    at file:///D:/Apps/Viktor/sven/node_modules/@vitest/runner/dist/index.js:61:24\n    at new Promise (<anonymous>)\n    at runWithTimeout (file:///D:/Apps/Viktor/sven/node_modules/@vitest/runner/dist/index.js:41:12)\n    at runHook (file:///D:/Apps/Viktor/sven/node_modules/@vitest/runner/dist/index.js:1044:53)\n    at callSuiteHook (file:///D:/Apps/Viktor/sven/node_modules/@vitest/runner/dist/index.js:1052:28)\n    at processTicksAndRejections (node:internal/process/task_queues:105:5)\n    at callSuiteHook (file:///D:/Apps/Viktor/sven/node_modules/@vitest/runner/dist/index.js:1036:10)","timestamp":"2025-03-13T13:47:29.634Z"}
{"level":"info","message":"Connected to SQLite database successfully at path: D:\\Apps\\Viktor\\sven\\src\\logger\\database\\db\\DiscordMessages.db","timestamp":"2025-03-13T13:47:52.922Z"}
{"level":"info","message":"Connected to SQLite database successfully at path: D:\\Apps\\Viktor\\sven\\src\\logger\\database\\db\\DiscordMessages.db","timestamp":"2025-03-13T13:47:52.922Z"}
{"level":"error","message":"Error creating tables: (0 , __vite_ssr_import_0__.execute) is not a function","stack":"TypeError: (0 , __vite_ssr_import_0__.execute) is not a function\n    at createTables (D:\\Apps\\Viktor\\sven\\src\\logger\\database\\tables.ts:55:15)\n    at D:\\Apps\\Viktor\\sven\\src\\logger\\controller\\statistics.controller.test.ts:23:15\n    at file:///D:/Apps/Viktor/sven/node_modules/@vitest/runner/dist/index.js:174:14\n    at file:///D:/Apps/Viktor/sven/node_modules/@vitest/runner/dist/index.js:61:24\n    at new Promise (<anonymous>)\n    at runWithTimeout (file:///D:/Apps/Viktor/sven/node_modules/@vitest/runner/dist/index.js:41:12)\n    at runHook (file:///D:/Apps/Viktor/sven/node_modules/@vitest/runner/dist/index.js:1044:53)\n    at callSuiteHook (file:///D:/Apps/Viktor/sven/node_modules/@vitest/runner/dist/index.js:1052:28)\n    at processTicksAndRejections (node:internal/process/task_queues:105:5)\n    at callSuiteHook (file:///D:/Apps/Viktor/sven/node_modules/@vitest/runner/dist/index.js:1036:10)","timestamp":"2025-03-13T13:47:52.966Z"}
{"level":"error","message":"Error creating tables: (0 , __vite_ssr_import_0__.execute) is not a function","stack":"TypeError: (0 , __vite_ssr_import_0__.execute) is not a function\n    at createTables (D:\\Apps\\Viktor\\sven\\src\\logger\\database\\tables.ts:55:15)\n    at D:\\Apps\\Viktor\\sven\\src\\logger\\controller\\statistics.controller.test.ts:23:15\n    at file:///D:/Apps/Viktor/sven/node_modules/@vitest/runner/dist/index.js:174:14\n    at file:///D:/Apps/Viktor/sven/node_modules/@vitest/runner/dist/index.js:61:24\n    at new Promise (<anonymous>)\n    at runWithTimeout (file:///D:/Apps/Viktor/sven/node_modules/@vitest/runner/dist/index.js:41:12)\n    at runHook (file:///D:/Apps/Viktor/sven/node_modules/@vitest/runner/dist/index.js:1044:53)\n    at callSuiteHook (file:///D:/Apps/Viktor/sven/node_modules/@vitest/runner/dist/index.js:1052:28)\n    at processTicksAndRejections (node:internal/process/task_queues:105:5)\n    at callSuiteHook (file:///D:/Apps/Viktor/sven/node_modules/@vitest/runner/dist/index.js:1036:10)","timestamp":"2025-03-13T13:47:52.969Z"}
{"level":"error","message":"Error creating tables: (0 , __vite_ssr_import_0__.execute) is not a function","stack":"TypeError: (0 , __vite_ssr_import_0__.execute) is not a function\n    at createTables (D:\\Apps\\Viktor\\sven\\src\\logger\\database\\tables.ts:55:15)\n    at D:\\Apps\\Viktor\\sven\\src\\logger\\controller\\statistics.controller.test.ts:23:15\n    at file:///D:/Apps/Viktor/sven/node_modules/@vitest/runner/dist/index.js:174:14\n    at file:///D:/Apps/Viktor/sven/node_modules/@vitest/runner/dist/index.js:61:24\n    at new Promise (<anonymous>)\n    at runWithTimeout (file:///D:/Apps/Viktor/sven/node_modules/@vitest/runner/dist/index.js:41:12)\n    at runHook (file:///D:/Apps/Viktor/sven/node_modules/@vitest/runner/dist/index.js:1044:53)\n    at callSuiteHook (file:///D:/Apps/Viktor/sven/node_modules/@vitest/runner/dist/index.js:1052:28)\n    at processTicksAndRejections (node:internal/process/task_queues:105:5)\n    at callSuiteHook (file:///D:/Apps/Viktor/sven/node_modules/@vitest/runner/dist/index.js:1036:10)","timestamp":"2025-03-13T13:47:52.970Z"}
{"level":"error","message":"Error creating tables: (0 , __vite_ssr_import_0__.execute) is not a function","stack":"TypeError: (0 , __vite_ssr_import_0__.execute) is not a function\n    at createTables (D:\\Apps\\Viktor\\sven\\src\\logger\\database\\tables.ts:55:15)\n    at D:\\Apps\\Viktor\\sven\\src\\logger\\controller\\statistics.controller.test.ts:23:15\n    at file:///D:/Apps/Viktor/sven/node_modules/@vitest/runner/dist/index.js:174:14\n    at file:///D:/Apps/Viktor/sven/node_modules/@vitest/runner/dist/index.js:61:24\n    at new Promise (<anonymous>)\n    at runWithTimeout (file:///D:/Apps/Viktor/sven/node_modules/@vitest/runner/dist/index.js:41:12)\n    at runHook (file:///D:/Apps/Viktor/sven/node_modules/@vitest/runner/dist/index.js:1044:53)\n    at callSuiteHook (file:///D:/Apps/Viktor/sven/node_modules/@vitest/runner/dist/index.js:1052:28)\n    at processTicksAndRejections (node:internal/process/task_queues:105:5)\n    at callSuiteHook (file:///D:/Apps/Viktor/sven/node_modules/@vitest/runner/dist/index.js:1036:10)","timestamp":"2025-03-13T13:47:52.972Z"}
{"level":"error","message":"Error creating tables: (0 , __vite_ssr_import_0__.execute) is not a function","stack":"TypeError: (0 , __vite_ssr_import_0__.execute) is not a function\n    at createTables (D:\\Apps\\Viktor\\sven\\src\\logger\\database\\tables.ts:55:15)\n    at D:\\Apps\\Viktor\\sven\\src\\logger\\controller\\statistics.controller.test.ts:23:15\n    at file:///D:/Apps/Viktor/sven/node_modules/@vitest/runner/dist/index.js:174:14\n    at file:///D:/Apps/Viktor/sven/node_modules/@vitest/runner/dist/index.js:61:24\n    at new Promise (<anonymous>)\n    at runWithTimeout (file:///D:/Apps/Viktor/sven/node_modules/@vitest/runner/dist/index.js:41:12)\n    at runHook (file:///D:/Apps/Viktor/sven/node_modules/@vitest/runner/dist/index.js:1044:53)\n    at callSuiteHook (file:///D:/Apps/Viktor/sven/node_modules/@vitest/runner/dist/index.js:1052:28)\n    at processTicksAndRejections (node:internal/process/task_queues:105:5)\n    at callSuiteHook (file:///D:/Apps/Viktor/sven/node_modules/@vitest/runner/dist/index.js:1036:10)","timestamp":"2025-03-13T13:47:52.974Z"}
{"level":"info","message":"Connected to SQLite database successfully at path: D:\\Apps\\Viktor\\sven\\src\\logger\\database\\db\\DiscordMessages.db","timestamp":"2025-03-13T13:47:58.249Z"}
{"level":"info","message":"Connected to SQLite database successfully at path: D:\\Apps\\Viktor\\sven\\src\\logger\\database\\db\\DiscordMessages.db","timestamp":"2025-03-13T13:47:58.249Z"}
{"level":"info","message":"Connected to SQLite database successfully at path: D:\\Apps\\Viktor\\sven\\src\\logger\\database\\db\\DiscordMessages.db","timestamp":"2025-03-13T13:47:58.250Z"}
{"level":"info","message":"Connected to SQLite database successfully at path: D:\\Apps\\Viktor\\sven\\src\\logger\\database\\db\\DiscordMessages.db","timestamp":"2025-03-13T13:47:58.250Z"}
{"level":"error","message":"Error creating tables: (0 , __vite_ssr_import_0__.execute) is not a function","stack":"TypeError: (0 , __vite_ssr_import_0__.execute) is not a function\n    at createTables (D:\\Apps\\Viktor\\sven\\src\\logger\\database\\tables.ts:55:15)\n    at D:\\Apps\\Viktor\\sven\\src\\logger\\controller\\statistics.controller.test.ts:23:15\n    at file:///D:/Apps/Viktor/sven/node_modules/@vitest/runner/dist/index.js:174:14\n    at file:///D:/Apps/Viktor/sven/node_modules/@vitest/runner/dist/index.js:61:24\n    at new Promise (<anonymous>)\n    at runWithTimeout (file:///D:/Apps/Viktor/sven/node_modules/@vitest/runner/dist/index.js:41:12)\n    at runHook (file:///D:/Apps/Viktor/sven/node_modules/@vitest/runner/dist/index.js:1044:53)\n    at callSuiteHook (file:///D:/Apps/Viktor/sven/node_modules/@vitest/runner/dist/index.js:1052:28)\n    at processTicksAndRejections (node:internal/process/task_queues:105:5)\n    at callSuiteHook (file:///D:/Apps/Viktor/sven/node_modules/@vitest/runner/dist/index.js:1036:10)","timestamp":"2025-03-13T13:47:58.284Z"}
{"level":"error","message":"Error creating tables: (0 , __vite_ssr_import_0__.execute) is not a function","stack":"TypeError: (0 , __vite_ssr_import_0__.execute) is not a function\n    at createTables (D:\\Apps\\Viktor\\sven\\src\\logger\\database\\tables.ts:55:15)\n    at D:\\Apps\\Viktor\\sven\\src\\logger\\controller\\author.controller.test.ts:21:15\n    at file:///D:/Apps/Viktor/sven/node_modules/@vitest/runner/dist/index.js:174:14\n    at file:///D:/Apps/Viktor/sven/node_modules/@vitest/runner/dist/index.js:61:24\n    at new Promise (<anonymous>)\n    at runWithTimeout (file:///D:/Apps/Viktor/sven/node_modules/@vitest/runner/dist/index.js:41:12)\n    at runHook (file:///D:/Apps/Viktor/sven/node_modules/@vitest/runner/dist/index.js:1044:53)\n    at callSuiteHook (file:///D:/Apps/Viktor/sven/node_modules/@vitest/runner/dist/index.js:1052:28)\n    at processTicksAndRejections (node:internal/process/task_queues:105:5)\n    at callSuiteHook (file:///D:/Apps/Viktor/sven/node_modules/@vitest/runner/dist/index.js:1036:10)","timestamp":"2025-03-13T13:47:58.285Z"}
{"level":"error","message":"Error creating tables: (0 , __vite_ssr_import_0__.execute) is not a function","stack":"TypeError: (0 , __vite_ssr_import_0__.execute) is not a function\n    at createTables (D:\\Apps\\Viktor\\sven\\src\\logger\\database\\tables.ts:55:15)\n    at D:\\Apps\\Viktor\\sven\\src\\logger\\controller\\message.controller.test.ts:21:15\n    at file:///D:/Apps/Viktor/sven/node_modules/@vitest/runner/dist/index.js:174:14\n    at file:///D:/Apps/Viktor/sven/node_modules/@vitest/runner/dist/index.js:61:24\n    at new Promise (<anonymous>)\n    at runWithTimeout (file:///D:/Apps/Viktor/sven/node_modules/@vitest/runner/dist/index.js:41:12)\n    at runHook (file:///D:/Apps/Viktor/sven/node_modules/@vitest/runner/dist/index.js:1044:53)\n    at callSuiteHook (file:///D:/Apps/Viktor/sven/node_modules/@vitest/runner/dist/index.js:1052:28)\n    at processTicksAndRejections (node:internal/process/task_queues:105:5)\n    at callSuiteHook (file:///D:/Apps/Viktor/sven/node_modules/@vitest/runner/dist/index.js:1036:10)","timestamp":"2025-03-13T13:47:58.288Z"}
{"level":"error","message":"Error creating tables: (0 , __vite_ssr_import_0__.execute) is not a function","stack":"TypeError: (0 , __vite_ssr_import_0__.execute) is not a function\n    at createTables (D:\\Apps\\Viktor\\sven\\src\\logger\\database\\tables.ts:55:15)\n    at D:\\Apps\\Viktor\\sven\\src\\logger\\controller\\statistics.controller.test.ts:23:15\n    at file:///D:/Apps/Viktor/sven/node_modules/@vitest/runner/dist/index.js:174:14\n    at file:///D:/Apps/Viktor/sven/node_modules/@vitest/runner/dist/index.js:61:24\n    at new Promise (<anonymous>)\n    at runWithTimeout (file:///D:/Apps/Viktor/sven/node_modules/@vitest/runner/dist/index.js:41:12)\n    at runHook (file:///D:/Apps/Viktor/sven/node_modules/@vitest/runner/dist/index.js:1044:53)\n    at callSuiteHook (file:///D:/Apps/Viktor/sven/node_modules/@vitest/runner/dist/index.js:1052:28)\n    at callSuiteHook (file:///D:/Apps/Viktor/sven/node_modules/@vitest/runner/dist/index.js:1036:10)\n    at runTest (file:///D:/Apps/Viktor/sven/node_modules/@vitest/runner/dist/index.js:1133:30)","timestamp":"2025-03-13T13:47:58.288Z"}
{"level":"error","message":"Error creating tables: (0 , __vite_ssr_import_0__.execute) is not a function","stack":"TypeError: (0 , __vite_ssr_import_0__.execute) is not a function\n    at createTables (D:\\Apps\\Viktor\\sven\\src\\logger\\database\\tables.ts:55:15)\n    at D:\\Apps\\Viktor\\sven\\src\\logger\\controller\\author.controller.test.ts:21:15\n    at file:///D:/Apps/Viktor/sven/node_modules/@vitest/runner/dist/index.js:174:14\n    at file:///D:/Apps/Viktor/sven/node_modules/@vitest/runner/dist/index.js:61:24\n    at new Promise (<anonymous>)\n    at runWithTimeout (file:///D:/Apps/Viktor/sven/node_modules/@vitest/runner/dist/index.js:41:12)\n    at runHook (file:///D:/Apps/Viktor/sven/node_modules/@vitest/runner/dist/index.js:1044:53)\n    at callSuiteHook (file:///D:/Apps/Viktor/sven/node_modules/@vitest/runner/dist/index.js:1052:28)\n    at callSuiteHook (file:///D:/Apps/Viktor/sven/node_modules/@vitest/runner/dist/index.js:1036:10)\n    at runTest (file:///D:/Apps/Viktor/sven/node_modules/@vitest/runner/dist/index.js:1133:30)","timestamp":"2025-03-13T13:47:58.288Z"}
{"level":"error","message":"Error creating tables: (0 , __vite_ssr_import_0__.execute) is not a function","stack":"TypeError: (0 , __vite_ssr_import_0__.execute) is not a function\n    at createTables (D:\\Apps\\Viktor\\sven\\src\\logger\\database\\tables.ts:55:15)\n    at D:\\Apps\\Viktor\\sven\\src\\logger\\controller\\statistics.controller.test.ts:23:15\n    at file:///D:/Apps/Viktor/sven/node_modules/@vitest/runner/dist/index.js:174:14\n    at file:///D:/Apps/Viktor/sven/node_modules/@vitest/runner/dist/index.js:61:24\n    at new Promise (<anonymous>)\n    at runWithTimeout (file:///D:/Apps/Viktor/sven/node_modules/@vitest/runner/dist/index.js:41:12)\n    at runHook (file:///D:/Apps/Viktor/sven/node_modules/@vitest/runner/dist/index.js:1044:53)\n    at callSuiteHook (file:///D:/Apps/Viktor/sven/node_modules/@vitest/runner/dist/index.js:1052:28)\n    at callSuiteHook (file:///D:/Apps/Viktor/sven/node_modules/@vitest/runner/dist/index.js:1036:10)\n    at runTest (file:///D:/Apps/Viktor/sven/node_modules/@vitest/runner/dist/index.js:1133:30)","timestamp":"2025-03-13T13:47:58.289Z"}
{"level":"error","message":"Error creating tables: (0 , __vite_ssr_import_0__.execute) is not a function","stack":"TypeError: (0 , __vite_ssr_import_0__.execute) is not a function\n    at createTables (D:\\Apps\\Viktor\\sven\\src\\logger\\database\\tables.ts:55:15)\n    at D:\\Apps\\Viktor\\sven\\src\\logger\\controller\\statistics.controller.test.ts:23:15\n    at file:///D:/Apps/Viktor/sven/node_modules/@vitest/runner/dist/index.js:174:14\n    at file:///D:/Apps/Viktor/sven/node_modules/@vitest/runner/dist/index.js:61:24\n    at new Promise (<anonymous>)\n    at runWithTimeout (file:///D:/Apps/Viktor/sven/node_modules/@vitest/runner/dist/index.js:41:12)\n    at runHook (file:///D:/Apps/Viktor/sven/node_modules/@vitest/runner/dist/index.js:1044:53)\n    at callSuiteHook (file:///D:/Apps/Viktor/sven/node_modules/@vitest/runner/dist/index.js:1052:28)\n    at callSuiteHook (file:///D:/Apps/Viktor/sven/node_modules/@vitest/runner/dist/index.js:1036:10)\n    at runTest (file:///D:/Apps/Viktor/sven/node_modules/@vitest/runner/dist/index.js:1133:30)","timestamp":"2025-03-13T13:47:58.291Z"}
{"level":"error","message":"Error creating tables: (0 , __vite_ssr_import_0__.execute) is not a function","stack":"TypeError: (0 , __vite_ssr_import_0__.execute) is not a function\n    at createTables (D:\\Apps\\Viktor\\sven\\src\\logger\\database\\tables.ts:55:15)\n    at D:\\Apps\\Viktor\\sven\\src\\logger\\controller\\author.controller.test.ts:21:15\n    at file:///D:/Apps/Viktor/sven/node_modules/@vitest/runner/dist/index.js:174:14\n    at file:///D:/Apps/Viktor/sven/node_modules/@vitest/runner/dist/index.js:61:24\n    at new Promise (<anonymous>)\n    at runWithTimeout (file:///D:/Apps/Viktor/sven/node_modules/@vitest/runner/dist/index.js:41:12)\n    at runHook (file:///D:/Apps/Viktor/sven/node_modules/@vitest/runner/dist/index.js:1044:53)\n    at callSuiteHook (file:///D:/Apps/Viktor/sven/node_modules/@vitest/runner/dist/index.js:1052:28)\n    at callSuiteHook (file:///D:/Apps/Viktor/sven/node_modules/@vitest/runner/dist/index.js:1036:10)\n    at runTest (file:///D:/Apps/Viktor/sven/node_modules/@vitest/runner/dist/index.js:1133:30)","timestamp":"2025-03-13T13:47:58.290Z"}
{"level":"error","message":"Error creating tables: (0 , __vite_ssr_import_0__.execute) is not a function","stack":"TypeError: (0 , __vite_ssr_import_0__.execute) is not a function\n    at createTables (D:\\Apps\\Viktor\\sven\\src\\logger\\database\\tables.ts:55:15)\n    at D:\\Apps\\Viktor\\sven\\src\\logger\\controller\\message.controller.test.ts:21:15\n    at file:///D:/Apps/Viktor/sven/node_modules/@vitest/runner/dist/index.js:174:14\n    at file:///D:/Apps/Viktor/sven/node_modules/@vitest/runner/dist/index.js:61:24\n    at new Promise (<anonymous>)\n    at runWithTimeout (file:///D:/Apps/Viktor/sven/node_modules/@vitest/runner/dist/index.js:41:12)\n    at runHook (file:///D:/Apps/Viktor/sven/node_modules/@vitest/runner/dist/index.js:1044:53)\n    at callSuiteHook (file:///D:/Apps/Viktor/sven/node_modules/@vitest/runner/dist/index.js:1052:28)\n    at callSuiteHook (file:///D:/Apps/Viktor/sven/node_modules/@vitest/runner/dist/index.js:1036:10)\n    at runTest (file:///D:/Apps/Viktor/sven/node_modules/@vitest/runner/dist/index.js:1133:30)","timestamp":"2025-03-13T13:47:58.292Z"}
{"level":"error","message":"Error creating tables: (0 , __vite_ssr_import_0__.execute) is not a function","stack":"TypeError: (0 , __vite_ssr_import_0__.execute) is not a function\n    at createTables (D:\\Apps\\Viktor\\sven\\src\\logger\\database\\tables.ts:55:15)\n    at D:\\Apps\\Viktor\\sven\\src\\logger\\controller\\statistics.controller.test.ts:23:15\n    at file:///D:/Apps/Viktor/sven/node_modules/@vitest/runner/dist/index.js:174:14\n    at file:///D:/Apps/Viktor/sven/node_modules/@vitest/runner/dist/index.js:61:24\n    at new Promise (<anonymous>)\n    at runWithTimeout (file:///D:/Apps/Viktor/sven/node_modules/@vitest/runner/dist/index.js:41:12)\n    at runHook (file:///D:/Apps/Viktor/sven/node_modules/@vitest/runner/dist/index.js:1044:53)\n    at callSuiteHook (file:///D:/Apps/Viktor/sven/node_modules/@vitest/runner/dist/index.js:1052:28)\n    at callSuiteHook (file:///D:/Apps/Viktor/sven/node_modules/@vitest/runner/dist/index.js:1036:10)\n    at runTest (file:///D:/Apps/Viktor/sven/node_modules/@vitest/runner/dist/index.js:1133:30)","timestamp":"2025-03-13T13:47:58.293Z"}
{"level":"error","message":"Error creating tables: (0 , __vite_ssr_import_0__.execute) is not a function","stack":"TypeError: (0 , __vite_ssr_import_0__.execute) is not a function\n    at createTables (D:\\Apps\\Viktor\\sven\\src\\logger\\database\\tables.ts:55:15)\n    at D:\\Apps\\Viktor\\sven\\src\\logger\\controller\\message.controller.test.ts:21:15\n    at file:///D:/Apps/Viktor/sven/node_modules/@vitest/runner/dist/index.js:174:14\n    at file:///D:/Apps/Viktor/sven/node_modules/@vitest/runner/dist/index.js:61:24\n    at new Promise (<anonymous>)\n    at runWithTimeout (file:///D:/Apps/Viktor/sven/node_modules/@vitest/runner/dist/index.js:41:12)\n    at runHook (file:///D:/Apps/Viktor/sven/node_modules/@vitest/runner/dist/index.js:1044:53)\n    at callSuiteHook (file:///D:/Apps/Viktor/sven/node_modules/@vitest/runner/dist/index.js:1052:28)\n    at callSuiteHook (file:///D:/Apps/Viktor/sven/node_modules/@vitest/runner/dist/index.js:1036:10)\n    at runTest (file:///D:/Apps/Viktor/sven/node_modules/@vitest/runner/dist/index.js:1133:30)","timestamp":"2025-03-13T13:47:58.294Z"}
{"level":"error","message":"Error creating tables: (0 , __vite_ssr_import_0__.execute) is not a function","stack":"TypeError: (0 , __vite_ssr_import_0__.execute) is not a function\n    at createTables (D:\\Apps\\Viktor\\sven\\src\\logger\\database\\tables.ts:55:15)\n    at D:\\Apps\\Viktor\\sven\\src\\logger\\controller\\message.controller.test.ts:21:15\n    at file:///D:/Apps/Viktor/sven/node_modules/@vitest/runner/dist/index.js:174:14\n    at file:///D:/Apps/Viktor/sven/node_modules/@vitest/runner/dist/index.js:61:24\n    at new Promise (<anonymous>)\n    at runWithTimeout (file:///D:/Apps/Viktor/sven/node_modules/@vitest/runner/dist/index.js:41:12)\n    at runHook (file:///D:/Apps/Viktor/sven/node_modules/@vitest/runner/dist/index.js:1044:53)\n    at callSuiteHook (file:///D:/Apps/Viktor/sven/node_modules/@vitest/runner/dist/index.js:1052:28)\n    at callSuiteHook (file:///D:/Apps/Viktor/sven/node_modules/@vitest/runner/dist/index.js:1036:10)\n    at runTest (file:///D:/Apps/Viktor/sven/node_modules/@vitest/runner/dist/index.js:1133:30)","timestamp":"2025-03-13T13:47:58.296Z"}
{"level":"error","message":"Error creating tables: (0 , __vite_ssr_import_0__.execute) is not a function","stack":"TypeError: (0 , __vite_ssr_import_0__.execute) is not a function\n    at createTables (D:\\Apps\\Viktor\\sven\\src\\logger\\database\\tables.ts:55:15)\n    at D:\\Apps\\Viktor\\sven\\src\\logger\\controller\\message.controller.test.ts:21:15\n    at file:///D:/Apps/Viktor/sven/node_modules/@vitest/runner/dist/index.js:174:14\n    at file:///D:/Apps/Viktor/sven/node_modules/@vitest/runner/dist/index.js:61:24\n    at new Promise (<anonymous>)\n    at runWithTimeout (file:///D:/Apps/Viktor/sven/node_modules/@vitest/runner/dist/index.js:41:12)\n    at runHook (file:///D:/Apps/Viktor/sven/node_modules/@vitest/runner/dist/index.js:1044:53)\n    at callSuiteHook (file:///D:/Apps/Viktor/sven/node_modules/@vitest/runner/dist/index.js:1052:28)\n    at callSuiteHook (file:///D:/Apps/Viktor/sven/node_modules/@vitest/runner/dist/index.js:1036:10)\n    at runTest (file:///D:/Apps/Viktor/sven/node_modules/@vitest/runner/dist/index.js:1133:30)","timestamp":"2025-03-13T13:47:58.298Z"}
{"level":"error","message":"Error creating tables: (0 , __vite_ssr_import_0__.execute) is not a function","stack":"TypeError: (0 , __vite_ssr_import_0__.execute) is not a function\n    at createTables (D:\\Apps\\Viktor\\sven\\src\\logger\\database\\tables.ts:55:15)\n    at D:\\Apps\\Viktor\\sven\\src\\logger\\controller\\message.controller.test.ts:21:15\n    at file:///D:/Apps/Viktor/sven/node_modules/@vitest/runner/dist/index.js:174:14\n    at file:///D:/Apps/Viktor/sven/node_modules/@vitest/runner/dist/index.js:61:24\n    at new Promise (<anonymous>)\n    at runWithTimeout (file:///D:/Apps/Viktor/sven/node_modules/@vitest/runner/dist/index.js:41:12)\n    at runHook (file:///D:/Apps/Viktor/sven/node_modules/@vitest/runner/dist/index.js:1044:53)\n    at callSuiteHook (file:///D:/Apps/Viktor/sven/node_modules/@vitest/runner/dist/index.js:1052:28)\n    at callSuiteHook (file:///D:/Apps/Viktor/sven/node_modules/@vitest/runner/dist/index.js:1036:10)\n    at runTest (file:///D:/Apps/Viktor/sven/node_modules/@vitest/runner/dist/index.js:1133:30)","timestamp":"2025-03-13T13:47:58.300Z"}
{"level":"info","message":"Connected to SQLite database successfully at path: D:\\Apps\\Viktor\\sven\\src\\logger\\database\\db\\DiscordMessages.db","timestamp":"2025-03-13T13:48:03.419Z"}
{"level":"info","message":"Connected to SQLite database successfully at path: D:\\Apps\\Viktor\\sven\\src\\logger\\database\\db\\DiscordMessages.db","timestamp":"2025-03-13T13:48:03.419Z"}
{"level":"info","message":"Connected to SQLite database successfully at path: D:\\Apps\\Viktor\\sven\\src\\logger\\database\\db\\DiscordMessages.db","timestamp":"2025-03-13T13:48:03.421Z"}
{"level":"error","message":"Error creating tables: (0 , __vite_ssr_import_0__.execute) is not a function","stack":"TypeError: (0 , __vite_ssr_import_0__.execute) is not a function\n    at createTables (D:\\Apps\\Viktor\\sven\\src\\logger\\database\\tables.ts:55:15)\n    at D:\\Apps\\Viktor\\sven\\src\\logger\\controller\\author.controller.test.ts:21:15\n    at file:///D:/Apps/Viktor/sven/node_modules/@vitest/runner/dist/index.js:174:14\n    at file:///D:/Apps/Viktor/sven/node_modules/@vitest/runner/dist/index.js:61:24\n    at new Promise (<anonymous>)\n    at runWithTimeout (file:///D:/Apps/Viktor/sven/node_modules/@vitest/runner/dist/index.js:41:12)\n    at runHook (file:///D:/Apps/Viktor/sven/node_modules/@vitest/runner/dist/index.js:1044:53)\n    at callSuiteHook (file:///D:/Apps/Viktor/sven/node_modules/@vitest/runner/dist/index.js:1052:28)\n    at processTicksAndRejections (node:internal/process/task_queues:105:5)\n    at callSuiteHook (file:///D:/Apps/Viktor/sven/node_modules/@vitest/runner/dist/index.js:1036:10)","timestamp":"2025-03-13T13:48:03.452Z"}
{"level":"error","message":"Error creating tables: (0 , __vite_ssr_import_0__.execute) is not a function","stack":"TypeError: (0 , __vite_ssr_import_0__.execute) is not a function\n    at createTables (D:\\Apps\\Viktor\\sven\\src\\logger\\database\\tables.ts:55:15)\n    at D:\\Apps\\Viktor\\sven\\src\\logger\\controller\\author.controller.test.ts:21:15\n    at file:///D:/Apps/Viktor/sven/node_modules/@vitest/runner/dist/index.js:174:14\n    at file:///D:/Apps/Viktor/sven/node_modules/@vitest/runner/dist/index.js:61:24\n    at new Promise (<anonymous>)\n    at runWithTimeout (file:///D:/Apps/Viktor/sven/node_modules/@vitest/runner/dist/index.js:41:12)\n    at runHook (file:///D:/Apps/Viktor/sven/node_modules/@vitest/runner/dist/index.js:1044:53)\n    at callSuiteHook (file:///D:/Apps/Viktor/sven/node_modules/@vitest/runner/dist/index.js:1052:28)\n    at callSuiteHook (file:///D:/Apps/Viktor/sven/node_modules/@vitest/runner/dist/index.js:1036:10)\n    at runTest (file:///D:/Apps/Viktor/sven/node_modules/@vitest/runner/dist/index.js:1133:30)","timestamp":"2025-03-13T13:48:03.456Z"}
{"level":"error","message":"Error creating tables: (0 , __vite_ssr_import_0__.execute) is not a function","stack":"TypeError: (0 , __vite_ssr_import_0__.execute) is not a function\n    at createTables (D:\\Apps\\Viktor\\sven\\src\\logger\\database\\tables.ts:55:15)\n    at D:\\Apps\\Viktor\\sven\\src\\logger\\controller\\author.controller.test.ts:21:15\n    at file:///D:/Apps/Viktor/sven/node_modules/@vitest/runner/dist/index.js:174:14\n    at file:///D:/Apps/Viktor/sven/node_modules/@vitest/runner/dist/index.js:61:24\n    at new Promise (<anonymous>)\n    at runWithTimeout (file:///D:/Apps/Viktor/sven/node_modules/@vitest/runner/dist/index.js:41:12)\n    at runHook (file:///D:/Apps/Viktor/sven/node_modules/@vitest/runner/dist/index.js:1044:53)\n    at callSuiteHook (file:///D:/Apps/Viktor/sven/node_modules/@vitest/runner/dist/index.js:1052:28)\n    at callSuiteHook (file:///D:/Apps/Viktor/sven/node_modules/@vitest/runner/dist/index.js:1036:10)\n    at runTest (file:///D:/Apps/Viktor/sven/node_modules/@vitest/runner/dist/index.js:1133:30)","timestamp":"2025-03-13T13:48:03.458Z"}
{"level":"error","message":"Error creating tables: (0 , __vite_ssr_import_0__.execute) is not a function","stack":"TypeError: (0 , __vite_ssr_import_0__.execute) is not a function\n    at createTables (D:\\Apps\\Viktor\\sven\\src\\logger\\database\\tables.ts:55:15)\n    at D:\\Apps\\Viktor\\sven\\src\\logger\\controller\\statistics.controller.test.ts:23:15\n    at file:///D:/Apps/Viktor/sven/node_modules/@vitest/runner/dist/index.js:174:14\n    at file:///D:/Apps/Viktor/sven/node_modules/@vitest/runner/dist/index.js:61:24\n    at new Promise (<anonymous>)\n    at runWithTimeout (file:///D:/Apps/Viktor/sven/node_modules/@vitest/runner/dist/index.js:41:12)\n    at runHook (file:///D:/Apps/Viktor/sven/node_modules/@vitest/runner/dist/index.js:1044:53)\n    at callSuiteHook (file:///D:/Apps/Viktor/sven/node_modules/@vitest/runner/dist/index.js:1052:28)\n    at processTicksAndRejections (node:internal/process/task_queues:105:5)\n    at callSuiteHook (file:///D:/Apps/Viktor/sven/node_modules/@vitest/runner/dist/index.js:1036:10)","timestamp":"2025-03-13T13:48:03.463Z"}
{"level":"error","message":"Error creating tables: (0 , __vite_ssr_import_0__.execute) is not a function","stack":"TypeError: (0 , __vite_ssr_import_0__.execute) is not a function\n    at createTables (D:\\Apps\\Viktor\\sven\\src\\logger\\database\\tables.ts:55:15)\n    at D:\\Apps\\Viktor\\sven\\src\\logger\\controller\\message.controller.test.ts:21:15\n    at file:///D:/Apps/Viktor/sven/node_modules/@vitest/runner/dist/index.js:174:14\n    at file:///D:/Apps/Viktor/sven/node_modules/@vitest/runner/dist/index.js:61:24\n    at new Promise (<anonymous>)\n    at runWithTimeout (file:///D:/Apps/Viktor/sven/node_modules/@vitest/runner/dist/index.js:41:12)\n    at runHook (file:///D:/Apps/Viktor/sven/node_modules/@vitest/runner/dist/index.js:1044:53)\n    at callSuiteHook (file:///D:/Apps/Viktor/sven/node_modules/@vitest/runner/dist/index.js:1052:28)\n    at processTicksAndRejections (node:internal/process/task_queues:105:5)\n    at callSuiteHook (file:///D:/Apps/Viktor/sven/node_modules/@vitest/runner/dist/index.js:1036:10)","timestamp":"2025-03-13T13:48:03.466Z"}
{"level":"error","message":"Error creating tables: (0 , __vite_ssr_import_0__.execute) is not a function","stack":"TypeError: (0 , __vite_ssr_import_0__.execute) is not a function\n    at createTables (D:\\Apps\\Viktor\\sven\\src\\logger\\database\\tables.ts:55:15)\n    at D:\\Apps\\Viktor\\sven\\src\\logger\\controller\\statistics.controller.test.ts:23:15\n    at file:///D:/Apps/Viktor/sven/node_modules/@vitest/runner/dist/index.js:174:14\n    at file:///D:/Apps/Viktor/sven/node_modules/@vitest/runner/dist/index.js:61:24\n    at new Promise (<anonymous>)\n    at runWithTimeout (file:///D:/Apps/Viktor/sven/node_modules/@vitest/runner/dist/index.js:41:12)\n    at runHook (file:///D:/Apps/Viktor/sven/node_modules/@vitest/runner/dist/index.js:1044:53)\n    at callSuiteHook (file:///D:/Apps/Viktor/sven/node_modules/@vitest/runner/dist/index.js:1052:28)\n    at callSuiteHook (file:///D:/Apps/Viktor/sven/node_modules/@vitest/runner/dist/index.js:1036:10)\n    at runTest (file:///D:/Apps/Viktor/sven/node_modules/@vitest/runner/dist/index.js:1133:30)","timestamp":"2025-03-13T13:48:03.468Z"}
{"level":"error","message":"Error creating tables: (0 , __vite_ssr_import_0__.execute) is not a function","stack":"TypeError: (0 , __vite_ssr_import_0__.execute) is not a function\n    at createTables (D:\\Apps\\Viktor\\sven\\src\\logger\\database\\tables.ts:55:15)\n    at D:\\Apps\\Viktor\\sven\\src\\logger\\controller\\message.controller.test.ts:21:15\n    at file:///D:/Apps/Viktor/sven/node_modules/@vitest/runner/dist/index.js:174:14\n    at file:///D:/Apps/Viktor/sven/node_modules/@vitest/runner/dist/index.js:61:24\n    at new Promise (<anonymous>)\n    at runWithTimeout (file:///D:/Apps/Viktor/sven/node_modules/@vitest/runner/dist/index.js:41:12)\n    at runHook (file:///D:/Apps/Viktor/sven/node_modules/@vitest/runner/dist/index.js:1044:53)\n    at callSuiteHook (file:///D:/Apps/Viktor/sven/node_modules/@vitest/runner/dist/index.js:1052:28)\n    at callSuiteHook (file:///D:/Apps/Viktor/sven/node_modules/@vitest/runner/dist/index.js:1036:10)\n    at runTest (file:///D:/Apps/Viktor/sven/node_modules/@vitest/runner/dist/index.js:1133:30)","timestamp":"2025-03-13T13:48:03.470Z"}
{"level":"error","message":"Error creating tables: (0 , __vite_ssr_import_0__.execute) is not a function","stack":"TypeError: (0 , __vite_ssr_import_0__.execute) is not a function\n    at createTables (D:\\Apps\\Viktor\\sven\\src\\logger\\database\\tables.ts:55:15)\n    at D:\\Apps\\Viktor\\sven\\src\\logger\\controller\\statistics.controller.test.ts:23:15\n    at file:///D:/Apps/Viktor/sven/node_modules/@vitest/runner/dist/index.js:174:14\n    at file:///D:/Apps/Viktor/sven/node_modules/@vitest/runner/dist/index.js:61:24\n    at new Promise (<anonymous>)\n    at runWithTimeout (file:///D:/Apps/Viktor/sven/node_modules/@vitest/runner/dist/index.js:41:12)\n    at runHook (file:///D:/Apps/Viktor/sven/node_modules/@vitest/runner/dist/index.js:1044:53)\n    at callSuiteHook (file:///D:/Apps/Viktor/sven/node_modules/@vitest/runner/dist/index.js:1052:28)\n    at callSuiteHook (file:///D:/Apps/Viktor/sven/node_modules/@vitest/runner/dist/index.js:1036:10)\n    at runTest (file:///D:/Apps/Viktor/sven/node_modules/@vitest/runner/dist/index.js:1133:30)","timestamp":"2025-03-13T13:48:03.470Z"}
{"level":"error","message":"Error creating tables: (0 , __vite_ssr_import_0__.execute) is not a function","stack":"TypeError: (0 , __vite_ssr_import_0__.execute) is not a function\n    at createTables (D:\\Apps\\Viktor\\sven\\src\\logger\\database\\tables.ts:55:15)\n    at D:\\Apps\\Viktor\\sven\\src\\logger\\controller\\message.controller.test.ts:21:15\n    at file:///D:/Apps/Viktor/sven/node_modules/@vitest/runner/dist/index.js:174:14\n    at file:///D:/Apps/Viktor/sven/node_modules/@vitest/runner/dist/index.js:61:24\n    at new Promise (<anonymous>)\n    at runWithTimeout (file:///D:/Apps/Viktor/sven/node_modules/@vitest/runner/dist/index.js:41:12)\n    at runHook (file:///D:/Apps/Viktor/sven/node_modules/@vitest/runner/dist/index.js:1044:53)\n    at callSuiteHook (file:///D:/Apps/Viktor/sven/node_modules/@vitest/runner/dist/index.js:1052:28)\n    at callSuiteHook (file:///D:/Apps/Viktor/sven/node_modules/@vitest/runner/dist/index.js:1036:10)\n    at runTest (file:///D:/Apps/Viktor/sven/node_modules/@vitest/runner/dist/index.js:1133:30)","timestamp":"2025-03-13T13:48:03.471Z"}
{"level":"error","message":"Error creating tables: (0 , __vite_ssr_import_0__.execute) is not a function","stack":"TypeError: (0 , __vite_ssr_import_0__.execute) is not a function\n    at createTables (D:\\Apps\\Viktor\\sven\\src\\logger\\database\\tables.ts:55:15)\n    at D:\\Apps\\Viktor\\sven\\src\\logger\\controller\\statistics.controller.test.ts:23:15\n    at file:///D:/Apps/Viktor/sven/node_modules/@vitest/runner/dist/index.js:174:14\n    at file:///D:/Apps/Viktor/sven/node_modules/@vitest/runner/dist/index.js:61:24\n    at new Promise (<anonymous>)\n    at runWithTimeout (file:///D:/Apps/Viktor/sven/node_modules/@vitest/runner/dist/index.js:41:12)\n    at runHook (file:///D:/Apps/Viktor/sven/node_modules/@vitest/runner/dist/index.js:1044:53)\n    at callSuiteHook (file:///D:/Apps/Viktor/sven/node_modules/@vitest/runner/dist/index.js:1052:28)\n    at callSuiteHook (file:///D:/Apps/Viktor/sven/node_modules/@vitest/runner/dist/index.js:1036:10)\n    at runTest (file:///D:/Apps/Viktor/sven/node_modules/@vitest/runner/dist/index.js:1133:30)","timestamp":"2025-03-13T13:48:03.472Z"}
{"level":"error","message":"Error creating tables: (0 , __vite_ssr_import_0__.execute) is not a function","stack":"TypeError: (0 , __vite_ssr_import_0__.execute) is not a function\n    at createTables (D:\\Apps\\Viktor\\sven\\src\\logger\\database\\tables.ts:55:15)\n    at D:\\Apps\\Viktor\\sven\\src\\logger\\controller\\message.controller.test.ts:21:15\n    at file:///D:/Apps/Viktor/sven/node_modules/@vitest/runner/dist/index.js:174:14\n    at file:///D:/Apps/Viktor/sven/node_modules/@vitest/runner/dist/index.js:61:24\n    at new Promise (<anonymous>)\n    at runWithTimeout (file:///D:/Apps/Viktor/sven/node_modules/@vitest/runner/dist/index.js:41:12)\n    at runHook (file:///D:/Apps/Viktor/sven/node_modules/@vitest/runner/dist/index.js:1044:53)\n    at callSuiteHook (file:///D:/Apps/Viktor/sven/node_modules/@vitest/runner/dist/index.js:1052:28)\n    at callSuiteHook (file:///D:/Apps/Viktor/sven/node_modules/@vitest/runner/dist/index.js:1036:10)\n    at runTest (file:///D:/Apps/Viktor/sven/node_modules/@vitest/runner/dist/index.js:1133:30)","timestamp":"2025-03-13T13:48:03.474Z"}
{"level":"error","message":"Error creating tables: (0 , __vite_ssr_import_0__.execute) is not a function","stack":"TypeError: (0 , __vite_ssr_import_0__.execute) is not a function\n    at createTables (D:\\Apps\\Viktor\\sven\\src\\logger\\database\\tables.ts:55:15)\n    at D:\\Apps\\Viktor\\sven\\src\\logger\\controller\\statistics.controller.test.ts:23:15\n    at file:///D:/Apps/Viktor/sven/node_modules/@vitest/runner/dist/index.js:174:14\n    at file:///D:/Apps/Viktor/sven/node_modules/@vitest/runner/dist/index.js:61:24\n    at new Promise (<anonymous>)\n    at runWithTimeout (file:///D:/Apps/Viktor/sven/node_modules/@vitest/runner/dist/index.js:41:12)\n    at runHook (file:///D:/Apps/Viktor/sven/node_modules/@vitest/runner/dist/index.js:1044:53)\n    at callSuiteHook (file:///D:/Apps/Viktor/sven/node_modules/@vitest/runner/dist/index.js:1052:28)\n    at callSuiteHook (file:///D:/Apps/Viktor/sven/node_modules/@vitest/runner/dist/index.js:1036:10)\n    at runTest (file:///D:/Apps/Viktor/sven/node_modules/@vitest/runner/dist/index.js:1133:30)","timestamp":"2025-03-13T13:48:03.474Z"}
{"level":"error","message":"Error creating tables: (0 , __vite_ssr_import_0__.execute) is not a function","stack":"TypeError: (0 , __vite_ssr_import_0__.execute) is not a function\n    at createTables (D:\\Apps\\Viktor\\sven\\src\\logger\\database\\tables.ts:55:15)\n    at D:\\Apps\\Viktor\\sven\\src\\logger\\controller\\message.controller.test.ts:21:15\n    at file:///D:/Apps/Viktor/sven/node_modules/@vitest/runner/dist/index.js:174:14\n    at file:///D:/Apps/Viktor/sven/node_modules/@vitest/runner/dist/index.js:61:24\n    at new Promise (<anonymous>)\n    at runWithTimeout (file:///D:/Apps/Viktor/sven/node_modules/@vitest/runner/dist/index.js:41:12)\n    at runHook (file:///D:/Apps/Viktor/sven/node_modules/@vitest/runner/dist/index.js:1044:53)\n    at callSuiteHook (file:///D:/Apps/Viktor/sven/node_modules/@vitest/runner/dist/index.js:1052:28)\n    at callSuiteHook (file:///D:/Apps/Viktor/sven/node_modules/@vitest/runner/dist/index.js:1036:10)\n    at runTest (file:///D:/Apps/Viktor/sven/node_modules/@vitest/runner/dist/index.js:1133:30)","timestamp":"2025-03-13T13:48:03.476Z"}
{"level":"error","message":"Error creating tables: (0 , __vite_ssr_import_0__.execute) is not a function","stack":"TypeError: (0 , __vite_ssr_import_0__.execute) is not a function\n    at createTables (D:\\Apps\\Viktor\\sven\\src\\logger\\database\\tables.ts:55:15)\n    at D:\\Apps\\Viktor\\sven\\src\\logger\\controller\\message.controller.test.ts:21:15\n    at file:///D:/Apps/Viktor/sven/node_modules/@vitest/runner/dist/index.js:174:14\n    at file:///D:/Apps/Viktor/sven/node_modules/@vitest/runner/dist/index.js:61:24\n    at new Promise (<anonymous>)\n    at runWithTimeout (file:///D:/Apps/Viktor/sven/node_modules/@vitest/runner/dist/index.js:41:12)\n    at runHook (file:///D:/Apps/Viktor/sven/node_modules/@vitest/runner/dist/index.js:1044:53)\n    at callSuiteHook (file:///D:/Apps/Viktor/sven/node_modules/@vitest/runner/dist/index.js:1052:28)\n    at callSuiteHook (file:///D:/Apps/Viktor/sven/node_modules/@vitest/runner/dist/index.js:1036:10)\n    at runTest (file:///D:/Apps/Viktor/sven/node_modules/@vitest/runner/dist/index.js:1133:30)","timestamp":"2025-03-13T13:48:03.477Z"}
{"date":"Thu Mar 13 2025 15:25:59 GMT+0100 (közép-európai téli idő)","error":{"code":"SQLITE_CONSTRAINT","errno":19},"level":"error","message":"unhandledRejection: SQLITE_CONSTRAINT: FOREIGN KEY constraint failed\nError: SQLITE_CONSTRAINT: FOREIGN KEY constraint failed","os":{"loadavg":[0,0,0],"uptime":22304.562},"process":{"argv":["C:\\Program Files\\nodejs\\node.exe","D:\\Apps\\Viktor\\sven\\node_modules\\tinypool\\dist\\entry\\process.js"],"cwd":"D:\\Apps\\Viktor\\sven","execPath":"C:\\Program Files\\nodejs\\node.exe","gid":null,"memoryUsage":{"arrayBuffers":25676,"external":2375078,"heapTotal":18350080,"heapUsed":14235888,"rss":61046784},"pid":22176,"uid":null,"version":"v22.13.0"},"rejection":true,"stack":"Error: SQLITE_CONSTRAINT: FOREIGN KEY constraint failed","timestamp":"2025-03-13T14:25:59.566Z","trace":[]}
{"date":"Thu Mar 13 2025 15:26:26 GMT+0100 (közép-európai téli idő)","error":{"code":"SQLITE_CONSTRAINT","errno":19},"level":"error","message":"unhandledRejection: SQLITE_CONSTRAINT: FOREIGN KEY constraint failed\nError: SQLITE_CONSTRAINT: FOREIGN KEY constraint failed","os":{"loadavg":[0,0,0],"uptime":22331.515},"process":{"argv":["C:\\Program Files\\nodejs\\node.exe","D:\\Apps\\Viktor\\sven\\node_modules\\tinypool\\dist\\entry\\process.js"],"cwd":"D:\\Apps\\Viktor\\sven","execPath":"C:\\Program Files\\nodejs\\node.exe","gid":null,"memoryUsage":{"arrayBuffers":25676,"external":2375413,"heapTotal":18087936,"heapUsed":14641360,"rss":61636608},"pid":28460,"uid":null,"version":"v22.13.0"},"rejection":true,"stack":"Error: SQLITE_CONSTRAINT: FOREIGN KEY constraint failed","timestamp":"2025-03-13T14:26:26.509Z","trace":[]}
{"level":"info","message":"Connected to SQLite database successfully at path: D:\\Apps\\Viktor\\sven\\src\\logger\\database\\db\\DiscordMessages.db","timestamp":"2025-03-13T15:03:25.173Z"}
{"level":"info","message":"Started refreshing application (/) commands.","timestamp":"2025-03-13T15:03:25.918Z"}
{"level":"info","message":"Successfully reloaded application (/) commands.","timestamp":"2025-03-13T15:03:26.154Z"}
{"level":"info","message":"Discord bot is ready! 🤖","timestamp":"2025-03-13T15:03:26.155Z"}
{"level":"info","message":"Connected to SQLite database successfully at path: D:\\Apps\\Viktor\\sven\\src\\logger\\database\\db\\DiscordMessages.db","timestamp":"2025-03-13T15:03:45.460Z"}
{"level":"info","message":"Started refreshing application (/) commands.","timestamp":"2025-03-13T15:03:46.066Z"}
{"level":"info","message":"Successfully reloaded application (/) commands.","timestamp":"2025-03-13T15:03:46.266Z"}
{"level":"info","message":"Discord bot is ready! 🤖","timestamp":"2025-03-13T15:03:46.267Z"}
{"code":"SQLITE_MISMATCH","errno":20,"level":"error","message":"Error creating authors renderObject: SQLITE_MISMATCH: datatype mismatch","stack":"Error: SQLITE_MISMATCH: datatype mismatch","timestamp":"2025-03-13T15:03:51.284Z"}
{"level":"error","message":"Author handler error: Error fetching authors!","stack":"Error: Error fetching authors!\n    at authorsController (D:\\Apps\\Viktor\\sven\\src\\logger\\controller\\author.controller.ts:26:15)\n    at async authorsHandler (D:\\Apps\\Viktor\\sven\\src\\logger\\handlers\\authors.handler.ts:9:30)","statusCode":500,"timestamp":"2025-03-13T15:03:51.286Z"}
{"level":"info","message":"Connected to SQLite database successfully at path: D:\\Apps\\Viktor\\sven\\src\\logger\\database\\db\\DiscordMessages.db","timestamp":"2025-03-13T15:03:59.522Z"}
{"level":"info","message":"Started refreshing application (/) commands.","timestamp":"2025-03-13T15:04:00.135Z"}
{"level":"info","message":"Successfully reloaded application (/) commands.","timestamp":"2025-03-13T15:04:00.327Z"}
{"level":"info","message":"Discord bot is ready! 🤖","timestamp":"2025-03-13T15:04:00.328Z"}
{"level":"info","message":"Connected to SQLite database successfully at path: D:\\Apps\\Viktor\\sven\\src\\logger\\database\\db\\DiscordMessages.db","timestamp":"2025-03-13T15:04:27.695Z"}
{"level":"info","message":"Started refreshing application (/) commands.","timestamp":"2025-03-13T15:04:28.366Z"}
{"level":"info","message":"Successfully reloaded application (/) commands.","timestamp":"2025-03-13T15:04:28.547Z"}
{"level":"info","message":"Discord bot is ready! 🤖","timestamp":"2025-03-13T15:04:28.547Z"}
{"level":"info","message":"Author added to the database!","timestamp":"2025-03-13T15:04:41.276Z","username":"Szankovszky Dávid"}
{"level":"info","message":"Message logged by user: Szankovszky Dávid","timestamp":"2025-03-13T15:04:41.439Z"}
{"level":"info","message":"Connected to SQLite database successfully at path: D:\\Apps\\Viktor\\sven\\src\\logger\\database\\db\\DiscordMessages.db","timestamp":"2025-03-13T15:07:07.223Z"}
{"level":"info","message":"Started refreshing application (/) commands.","timestamp":"2025-03-13T15:07:07.914Z"}
{"level":"info","message":"Successfully reloaded application (/) commands.","timestamp":"2025-03-13T15:07:08.138Z"}
{"level":"info","message":"Discord bot is ready! 🤖","timestamp":"2025-03-13T15:07:08.139Z"}
{"level":"info","message":"Connected to SQLite database successfully at path: D:\\Apps\\Viktor\\sven\\src\\logger\\database\\db\\DiscordMessages.db","timestamp":"2025-03-13T15:07:25.284Z"}
{"level":"info","message":"Started refreshing application (/) commands.","timestamp":"2025-03-13T15:07:25.840Z"}
{"level":"info","message":"Successfully reloaded application (/) commands.","timestamp":"2025-03-13T15:07:26.029Z"}
{"level":"info","message":"Discord bot is ready! 🤖","timestamp":"2025-03-13T15:07:26.030Z"}
